timestamp,tick,lane1_count,band
2026-07-03T22:50:43,0,12,HIGH
2026-07-03T22:50:44,1,15,HIGH
2026-07-03T22:50:45,2,15,HIGH
2026-07-03T22:50:45,3,15,HIGH
2026-07-03T22:50:46,4,13,HIGH
2026-07-03T22:50:47,5,14,HIGH
2026-07-03T22:50:48,6,15,HIGH
2026-07-03T22:50:49,7,18,HIGH
2026-07-03T22:50:49,8,18,HIGH
2026-07-03T22:50:50,9,18,HIGH
2026-07-03T22:50:51,10,23,HIGH
2026-07-03T22:50:52,11,18,HIGH
2026-07-03T22:50:53,12,20,HIGH
2026-07-03T22:50:54,13,25,HIGH
2026-07-03T22:50:55,14,25,HIGH
2026-07-03T22:50:56,15,25,HIGH
2026-07-03T22:50:57,16,33,HIGH
2026-07-03T22:50:58,17,30,HIGH
2026-07-03T22:50:59,18,36,HIGH
2026-07-03T22:51:00,19,41,HIGH
2026-07-03T22:51:01,20,46,HIGH
2026-07-03T22:51:02,21,54,HIGH
2026-07-03T22:51:02,22,61,HIGH
2026-07-03T22:51:03,23,77,HIGH
2026-07-03T22:51:04,24,92,HIGH
2026-07-03T22:51:05,25,116,HIGH
2026-07-03T22:51:06,26,139,HIGH
2026-07-03T22:51:07,27,174,HIGH
2026-07-03T22:51:08,28,215,HIGH
2026-07-03T22:51:09,29,261,HIGH
2026-07-03T22:51:09,30,323,HIGH
2026-07-03T22:51:10,31,402,HIGH
2026-07-03T22:51:11,32,502,HIGH
2026-07-03T22:51:12,33,630,HIGH
2026-07-03T22:51:13,34,788,HIGH
2026-07-03T22:51:13,35,988,HIGH
2026-07-03T22:51:14,36,1239,HIGH
2026-07-03T22:51:15,37,1558,HIGH
2026-07-03T22:51:16,38,1958,HIGH
2026-07-03T22:51:17,39,2462,HIGH
2026-07-03T22:51:18,40,3094,HIGH
2026-07-03T22:51:19,41,3895,HIGH
2026-07-03T22:51:20,42,4897,HIGH
2026-07-03T22:51:21,43,6162,HIGH
2026-07-03T22:51:22,44,7752,HIGH
2026-07-03T22:51:22,45,9762,HIGH
2026-07-03T22:51:23,46,12290,HIGH
2026-07-03T22:51:24,47,15476,HIGH
2026-07-03T22:51:25,48,19491,HIGH
2026-07-03T22:51:26,49,24556,HIGH
2026-07-03T22:51:28,50,30926,HIGH
2026-07-03T22:51:29,51,38953,HIGH
2026-07-03T22:51:30,52,49069,HIGH
2026-07-03T22:51:31,53,61811,HIGH
2026-07-03T22:51:32,54,77862,HIGH
2026-07-03T22:51:33,55,98085,HIGH
2026-07-03T22:51:34,56,123563,HIGH
2026-07-03T22:51:35,57,155655,HIGH
2026-07-03T22:51:36,58,196093,HIGH
2026-07-03T22:51:37,59,247033,HIGH
2026-07-03T22:51:38,60,311209,HIGH
2026-07-03T22:51:39,61,392058,HIGH
2026-07-03T22:51:40,62,493911,HIGH
2026-07-03T22:51:41,63,622225,HIGH
2026-07-03T22:51:42,64,783878,HIGH
2026-07-03T22:51:43,65,987531,HIGH
2026-07-03T22:51:43,66,1244095,HIGH
2026-07-03T22:51:44,67,1567317,HIGH
2026-07-03T22:51:45,68,1974512,HIGH
2026-07-03T22:51:46,69,2487498,HIGH
2026-07-03T22:51:47,70,3133764,HIGH
2026-07-03T22:51:47,71,3947933,HIGH
2026-07-03T22:51:48,72,4973633,HIGH
2026-07-03T22:51:49,73,6265817,HIGH
2026-07-03T22:51:50,74,7893719,HIGH
2026-07-03T22:51:50,75,9944556,HIGH
2026-07-03T22:51:51,76,12528219,HIGH
2026-07-03T22:51:52,77,15783143,HIGH
2026-07-03T22:51:53,78,19883716,HIGH
2026-07-03T22:51:54,79,25049652,HIGH
2026-07-03T22:51:55,80,31557740,HIGH
2026-07-03T22:51:55,81,39756676,HIGH
2026-07-03T22:51:56,82,50085757,HIGH
2026-07-03T22:51:57,83,63098412,HIGH
2026-07-03T22:51:58,84,79491856,HIGH
2026-07-03T22:51:58,85,100144440,HIGH
2026-07-03T22:51:59,86,126162724,HIGH
2026-07-03T22:52:00,87,158940758,HIGH
2026-07-03T22:52:01,88,200234772,HIGH
2026-07-03T22:52:02,89,252257288,HIGH
2026-07-03T22:52:02,90,317795644,HIGH
2026-07-03T22:52:03,91,400361364,HIGH
2026-07-03T22:52:04,92,504378295,HIGH
2026-07-03T22:52:05,93,635419616,HIGH
2026-07-03T22:52:05,94,800506467,HIGH
2026-07-03T22:52:06,95,1008484142,HIGH
2026-07-03T22:52:07,96,1270495999,HIGH
2026-07-03T22:52:08,97,1600580536,HIGH
2026-07-03T22:52:08,98,2016423550,HIGH
2026-07-03T22:52:09,99,2540305746,HIGH
2026-07-03T22:52:10,100,3200296532,HIGH
2026-07-03T22:52:10,101,4031757961,HIGH
2026-07-03T22:52:11,102,5079239396,HIGH
2026-07-03T22:52:12,103,6398864491,HIGH
2026-07-03T22:52:13,104,8061338248,HIGH
2026-07-03T22:52:13,105,10155735353,HIGH
2026-07-03T22:52:14,106,12794272791,HIGH
2026-07-03T22:52:15,107,16118322361,HIGH
2026-07-03T22:52:15,108,20305985342,HIGH
2026-07-03T22:52:16,109,25581635084,HIGH
2026-07-03T22:52:17,110,32227938829,HIGH
2026-07-03T22:52:18,111,40601002941,HIGH
2026-07-03T22:52:19,112,51149452921,HIGH
2026-07-03T22:52:20,113,64438470602,HIGH
2026-07-03T22:52:20,114,81180076348,HIGH
2026-07-03T22:52:21,115,102271278859,HIGH
2026-07-03T22:52:22,116,128842136520,HIGH
2026-07-03T22:52:23,117,162316305503,HIGH
2026-07-03T22:52:24,118,204487318701,HIGH
2026-07-03T22:52:25,119,257614682514,HIGH
2026-07-03T22:52:25,120,324544940339,HIGH
2026-07-03T22:52:26,121,408864189233,HIGH
2026-07-03T22:52:27,122,515090221598,HIGH
2026-07-03T22:52:28,123,648914586729,HIGH
2026-07-03T22:52:29,124,817507541815,HIGH
2026-07-03T22:52:30,125,1029902231505,HIGH
2026-07-03T22:52:30,126,1297478680264,HIGH
2026-07-03T22:52:31,127,1634573529644,HIGH
2026-07-03T22:52:32,128,2059248189943,HIGH
2026-07-03T22:52:33,129,2594256563488,HIGH
2026-07-03T22:52:33,130,3268264189855,HIGH
2026-07-03T22:52:34,131,4117384134250,HIGH
2026-07-03T22:52:35,132,5187111911457,HIGH
2026-07-03T22:52:36,133,6534763117727,HIGH
2026-07-03T22:52:37,134,8232544378014,HIGH
2026-07-03T22:52:37,135,10371422148747,HIGH
2026-07-03T22:52:38,136,13065996664993,HIGH
2026-07-03T22:52:39,137,16460642176275,HIGH
2026-07-03T22:52:39,138,20737242462444,HIGH
2026-07-03T22:52:40,139,26124936095506,HIGH
2026-07-03T22:52:41,140,32912393594779,HIGH
2026-07-03T22:52:42,141,41463284280492,HIGH
2026-07-03T22:52:42,142,52235761533856,HIGH
2026-07-03T22:52:43,143,65807010476148,HIGH
2026-07-03T22:52:44,144,82904173321976,HIGH
2026-07-03T22:52:45,145,104443309374935,HIGH
2026-07-03T22:52:46,146,131578477127131,HIGH
2026-07-03T22:52:46,147,165763568262125,HIGH
2026-07-03T22:52:47,148,208830206603203,HIGH
2026-07-03T22:52:48,149,263085885801972,HIGH
2026-07-03T22:52:48,150,331437603946451,HIGH
2026-07-03T22:52:49,151,417547619382561,HIGH
2026-07-03T22:52:50,152,526029673085058,HIGH
2026-07-03T22:52:51,153,662696191095873,HIGH
2026-07-03T22:52:51,154,834869712039924,HIGH
2026-07-03T22:52:52,155,1051775225882943,HIGH
2026-07-03T22:52:53,156,1325034445288656,HIGH
2026-07-03T22:52:54,157,1669288492441462,HIGH
2026-07-03T22:52:55,158,2102982364651256,HIGH
2026-07-03T22:52:55,159,2649353210100838,HIGH
2026-07-03T22:52:56,160,3337675365164379,HIGH
2026-07-03T22:52:57,161,4204828861909727,HIGH
2026-07-03T22:52:58,162,5297275445803665,HIGH
2026-07-03T22:52:59,163,6673547977876508,HIGH
2026-07-03T22:52:59,164,8407386602541095,HIGH
2026-07-03T22:53:00,165,10591689715712344,HIGH
2026-07-03T22:53:01,166,13343491424555114,HIGH
2026-07-03T22:53:02,167,16810232189208465,HIGH
2026-07-03T22:53:02,168,21177658625019287,HIGH
2026-07-03T22:53:03,169,26679775733601674,HIGH
2026-07-03T22:53:04,170,33611384799372859,HIGH
2026-07-03T22:53:04,171,42343878727162158,HIGH
2026-07-03T22:53:05,172,53345141128909116,HIGH
2026-07-03T22:53:06,173,67204615344739514,HIGH
2026-07-03T22:53:07,174,84664886586771288,HIGH
2026-07-03T22:53:07,175,106661469364572966,HIGH
2026-07-03T22:53:08,176,134372931986981699,HIGH
2026-07-03T22:53:09,177,169284043791499108,HIGH
2026-07-03T22:53:10,178,213265328505137764,HIGH
2026-07-03T22:53:10,179,268673286174702627,HIGH
2026-07-03T22:53:11,180,338476653518364294,HIGH
2026-07-03T22:53:12,181,426415467678818375,HIGH
2026-07-03T22:53:13,182,537201455951762057,HIGH
2026-07-03T22:53:13,183,676770488293025930,HIGH
2026-07-03T22:53:14,184,852600618911033866,HIGH
2026-07-03T22:53:15,185,1074112757488820870,HIGH
2026-07-03T22:53:15,186,1353175437843102731,HIGH
2026-07-03T22:53:16,187,1704740729327880200,HIGH
2026-07-03T22:53:17,188,2147645362867066635,HIGH
2026-07-03T22:53:18,189,2705619995635885068,HIGH
2026-07-03T22:53:19,190,3408560690398231051,HIGH
2026-07-03T22:53:19,191,4294130734865998860,HIGH
2026-07-03T22:53:20,192,5409778625935646733,HIGH
2026-07-03T22:53:21,193,6815280341608750094,HIGH
2026-07-03T22:53:22,194,8585942114532509710,HIGH
2026-07-03T22:53:23,195,10816635310514860048,HIGH
2026-07-03T22:53:24,196,13626879599228153873,HIGH
2026-07-03T22:53:24,197,17167246771401199629,HIGH
2026-07-03T22:53:25,198,21627428316522147853,HIGH
2026-07-03T22:53:26,199,27246399018712678409,HIGH
2026-07-03T22:53:27,200,34325221132268449796,HIGH
2026-07-03T22:53:28,201,43243175179587330051,HIGH
2026-07-03T22:53:28,202,54478081653334327297,HIGH
2026-07-03T22:53:29,203,68631902451703463937,HIGH
2026-07-03T22:53:30,204,86462993761672675330,HIGH
2026-07-03T22:53:31,205,108926738487131881476,HIGH
2026-07-03T22:53:31,206,137226735291503968263,HIGH
2026-07-03T22:53:32,207,172879286943757467660,HIGH
2026-07-03T22:53:33,208,217794643228187492363,HIGH
2026-07-03T22:53:34,209,274379351381321121804,HIGH
2026-07-03T22:53:34,210,345665197952357433355,HIGH
2026-07-03T22:53:35,211,435471650741632892942,HIGH
2026-07-03T22:53:36,212,548610504392692465678,HIGH
2026-07-03T22:53:37,213,691143694468812242955,HIGH
2026-07-03T22:53:38,214,870708093591438884883,HIGH
2026-07-03T22:53:38,215,1096924692090710130706,HIGH
2026-07-03T22:53:39,216,1381914086907403567118,HIGH
2026-07-03T22:53:40,217,1740945898440219951113,HIGH
2026-07-03T22:53:41,218,2193256910839286071310,HIGH
2026-07-03T22:53:42,219,2763081771383067246611,HIGH
2026-07-03T22:53:42,220,3480951473408500039690,HIGH
2026-07-03T22:53:43,221,4385329195002289455119,HIGH
2026-07-03T22:53:44,222,5524671141051153514508,HIGH
2026-07-03T22:53:45,223,6960022807762672025609,HIGH
2026-07-03T22:53:45,224,8768289776495142895627,HIGH
2026-07-03T22:53:46,225,11046358284751593275408,HIGH
2026-07-03T22:53:47,226,13916286352921467027473,HIGH
2026-07-03T22:53:48,227,17531843605312072318988,HIGH
2026-07-03T22:53:49,228,22086750186524878307342,HIGH
2026-07-03T22:53:49,229,27825056211096249040910,HIGH
2026-07-03T22:53:50,230,35054217873258044194828,HIGH
2026-07-03T22:53:51,231,44161570829668842471440,HIGH
2026-07-03T22:53:52,232,55635083492524547899407,HIGH
2026-07-03T22:53:53,233,70089502186382911602699,HIGH
2026-07-03T22:53:53,234,88299289015986675515405,HIGH
2026-07-03T22:53:54,235,111240117243171286548493,HIGH
2026-07-03T22:53:55,236,140141147478934998220811,HIGH
2026-07-03T22:53:56,237,176550885628612771315725,HIGH
2026-07-03T22:53:57,238,222420151233118646304779,HIGH
2026-07-03T22:53:58,239,280206601617555907936269,HIGH
2026-07-03T22:53:59,240,353006412210228676263953,HIGH
2026-07-03T22:54:00,241,444720168412086458646544,HIGH
2026-07-03T22:54:01,242,560261857438134656040977,HIGH
2026-07-03T22:54:02,243,705822157831998659362831,HIGH
2026-07-03T22:54:02,244,889200133602936855986187,HIGH
2026-07-03T22:54:03,245,1120221105027534855077905,HIGH
2026-07-03T22:54:04,246,1411263085470331239923727,HIGH
2026-07-03T22:54:05,247,1777919990502485869461515,HIGH
2026-07-03T22:54:05,248,2239837153803887989227534,HIGH
2026-07-03T22:54:06,249,2821763916464208278978572,HIGH
2026-07-03T22:54:55,0,12,HIGH
2026-07-03T22:54:55,1,15,HIGH
2026-07-03T22:54:56,2,14,HIGH
2026-07-03T22:54:57,3,14,HIGH
2026-07-03T22:54:58,4,12,HIGH
2026-07-03T22:54:59,5,12,HIGH
2026-07-03T22:55:00,6,13,HIGH
2026-07-03T22:55:01,7,15,HIGH
2026-07-03T22:55:02,8,15,HIGH
2026-07-03T22:55:03,9,14,HIGH
2026-07-03T22:55:04,10,18,HIGH
2026-07-03T22:55:05,11,12,HIGH
2026-07-03T22:55:06,12,13,HIGH
2026-07-03T22:55:07,13,16,HIGH
2026-07-03T22:55:07,14,14,HIGH
2026-07-03T22:55:08,15,12,HIGH
2026-07-03T22:55:09,16,17,HIGH
2026-07-03T22:55:10,17,10,HIGH
2026-07-03T22:55:11,18,12,HIGH
2026-07-03T22:55:12,19,12,HIGH
2026-07-03T22:55:13,20,10,HIGH
2026-07-03T22:55:14,21,10,HIGH
2026-07-03T22:55:14,22,6,MED
2026-07-03T22:55:15,23,10,HIGH
2026-07-03T22:55:16,24,9,HIGH
2026-07-03T22:55:17,25,12,HIGH
2026-07-03T22:55:18,26,10,HIGH
2026-07-03T22:55:19,27,13,HIGH
2026-07-03T22:55:20,28,14,HIGH
2026-07-03T22:55:21,29,11,HIGH
2026-07-03T22:55:21,30,10,HIGH
2026-07-03T22:55:22,31,9,HIGH
2026-07-03T22:55:23,32,9,HIGH
2026-07-03T22:55:24,33,11,HIGH
2026-07-03T22:55:25,34,10,HIGH
2026-07-03T22:55:26,35,11,HIGH
2026-07-03T22:55:27,36,10,HIGH
2026-07-03T22:55:28,37,12,HIGH
2026-07-03T22:55:29,38,13,HIGH
2026-07-03T22:55:30,39,15,HIGH
2026-07-03T22:55:30,40,14,HIGH
2026-07-03T22:55:31,41,18,HIGH
2026-07-03T22:55:32,42,15,HIGH
2026-07-03T22:55:33,43,14,HIGH
2026-07-03T22:55:34,44,10,HIGH
2026-07-03T22:55:35,45,11,HIGH
2026-07-03T22:55:36,46,9,HIGH
2026-07-03T22:55:37,47,8,HIGH
2026-07-03T22:55:38,48,7,HIGH
2026-07-03T22:55:38,49,12,HIGH
2026-07-03T22:55:39,50,10,HIGH
2026-07-03T22:55:40,51,8,HIGH
2026-07-03T22:55:41,52,10,HIGH
2026-07-03T22:55:42,53,9,HIGH
2026-07-03T22:55:43,54,7,HIGH
2026-07-03T22:55:43,55,6,MED
2026-07-03T22:55:44,56,7,HIGH
2026-07-03T22:55:45,57,3,LOW
2026-07-03T22:55:46,58,5,MED
2026-07-03T22:55:47,59,5,MED
2026-07-03T22:55:48,60,5,MED
2026-07-03T22:55:49,61,6,MED
2026-07-03T22:55:50,62,5,MED
2026-07-03T22:55:50,63,3,LOW
2026-07-03T22:55:51,64,2,LOW
2026-07-03T22:55:52,65,3,LOW
2026-07-03T22:55:53,66,4,MED
2026-07-03T22:55:54,67,6,MED
2026-07-03T22:55:55,68,6,MED
2026-07-03T22:55:56,69,4,MED
2026-07-03T22:55:57,70,5,MED
2026-07-03T22:55:58,71,4,MED
2026-07-03T22:55:59,72,6,MED
2026-07-03T22:56:00,73,8,HIGH
2026-07-03T22:56:01,74,9,HIGH
2026-07-03T22:56:02,75,4,MED
2026-07-03T22:56:03,76,2,LOW
2026-07-03T22:56:04,77,4,MED
2026-07-03T22:56:05,78,2,LOW
2026-07-03T22:56:06,79,2,LOW
2026-07-03T22:56:06,80,5,MED
2026-07-03T22:56:07,81,5,MED
2026-07-03T22:56:08,82,4,MED
2026-07-03T22:56:09,83,4,MED
2026-07-03T22:56:09,84,5,MED
2026-07-03T22:56:10,85,4,MED
2026-07-03T22:56:11,86,5,MED
2026-07-03T22:56:12,87,8,HIGH
2026-07-03T22:56:12,88,8,HIGH
2026-07-03T22:56:13,89,11,HIGH
2026-07-03T22:56:14,90,8,HIGH
2026-07-03T22:56:15,91,4,MED
2026-07-03T22:56:15,92,7,HIGH
2026-07-03T22:56:16,93,9,HIGH
2026-07-03T22:56:17,94,8,HIGH
2026-07-03T22:56:18,95,9,HIGH
2026-07-03T22:56:18,96,8,HIGH
2026-07-03T22:56:19,97,8,HIGH
2026-07-03T22:56:20,98,8,HIGH
2026-07-03T22:56:20,99,5,MED
2026-07-03T22:56:21,100,5,MED
2026-07-03T22:56:22,101,11,HIGH
2026-07-03T22:56:23,102,9,HIGH
2026-07-03T22:56:24,103,7,HIGH
2026-07-03T22:56:24,104,9,HIGH
2026-07-03T22:56:25,105,8,HIGH
2026-07-03T22:56:26,106,10,HIGH
2026-07-03T22:56:27,107,11,HIGH
2026-07-03T22:56:27,108,11,HIGH
2026-07-03T22:56:28,109,14,HIGH
2026-07-03T22:56:29,110,12,HIGH
2026-07-03T22:56:30,111,11,HIGH
2026-07-03T22:56:31,112,10,HIGH
2026-07-03T22:56:32,113,13,HIGH
2026-07-03T22:56:32,114,13,HIGH
2026-07-03T22:56:33,115,13,HIGH
2026-07-03T22:56:34,116,11,HIGH
2026-07-03T22:56:35,117,12,HIGH
2026-07-03T22:56:35,118,14,HIGH
2026-07-03T22:56:36,119,13,HIGH
2026-07-03T22:56:37,120,13,HIGH
2026-07-03T22:56:38,121,15,HIGH
2026-07-03T22:56:38,122,18,HIGH
2026-07-03T22:56:39,123,16,HIGH
2026-07-03T22:56:40,124,15,HIGH
2026-07-03T22:56:41,125,16,HIGH
2026-07-03T22:56:41,126,16,HIGH
2026-07-03T22:56:42,127,13,HIGH
2026-07-03T22:56:43,128,14,HIGH
2026-07-03T22:56:44,129,14,HIGH
2026-07-03T22:56:44,130,16,HIGH
2026-07-03T22:56:45,131,14,HIGH
2026-07-03T22:56:46,132,12,HIGH
2026-07-03T22:56:46,133,14,HIGH
2026-07-03T22:56:47,134,13,HIGH
2026-07-03T22:56:48,135,13,HIGH
2026-07-03T22:56:48,136,14,HIGH
2026-07-03T22:56:49,137,13,HIGH
2026-07-03T22:56:50,138,15,HIGH
2026-07-03T22:56:50,139,15,HIGH
2026-07-03T22:56:51,140,13,HIGH
2026-07-03T22:56:52,141,8,HIGH
2026-07-03T22:56:53,142,9,HIGH
2026-07-03T22:56:53,143,8,HIGH
2026-07-03T22:56:54,144,11,HIGH
2026-07-03T22:56:55,145,7,HIGH
2026-07-03T22:56:56,146,9,HIGH
2026-07-03T22:56:57,147,6,MED
2026-07-03T22:56:57,148,6,MED
2026-07-03T22:56:58,149,8,HIGH
2026-07-03T22:56:59,150,6,MED
2026-07-03T22:57:00,151,5,MED
2026-07-03T22:57:01,152,9,HIGH
2026-07-03T22:57:01,153,9,HIGH
2026-07-03T22:57:02,154,8,HIGH
2026-07-03T22:57:03,155,6,MED
2026-07-03T22:57:04,156,7,HIGH
2026-07-03T22:57:04,157,4,MED
2026-07-03T22:57:05,158,8,HIGH
2026-07-03T22:57:06,159,4,MED
2026-07-03T22:57:07,160,3,LOW
2026-07-03T22:57:08,161,5,MED
2026-07-03T22:57:08,162,4,MED
2026-07-03T22:57:09,163,3,LOW
2026-07-03T22:57:10,164,3,LOW
2026-07-03T22:57:11,165,4,MED
2026-07-03T22:57:11,166,2,LOW
2026-07-03T22:57:12,167,3,LOW
2026-07-03T22:57:13,168,7,HIGH
2026-07-03T22:57:14,169,6,MED
2026-07-03T22:57:14,170,7,HIGH
2026-07-03T22:57:15,171,6,MED
2026-07-03T22:58:07,0,12,HIGH
2026-07-03T22:58:08,1,15,HIGH
2026-07-03T22:58:09,2,14,HIGH
2026-07-03T22:58:10,3,14,HIGH
2026-07-03T22:58:11,4,12,HIGH
2026-07-03T22:58:11,5,12,HIGH
2026-07-03T22:58:12,6,13,HIGH
2026-07-03T22:58:13,7,15,HIGH
2026-07-03T22:58:14,8,15,HIGH
2026-07-03T22:58:15,9,14,HIGH
2026-07-03T22:58:16,10,18,HIGH
2026-07-03T22:58:17,11,12,HIGH
2026-07-03T22:58:18,12,13,HIGH
2026-07-03T22:58:19,13,16,HIGH
2026-07-03T22:58:20,14,14,HIGH
2026-07-03T22:58:21,15,12,HIGH
2026-07-03T22:58:22,16,17,HIGH
2026-07-03T22:58:23,17,10,HIGH
2026-07-03T22:58:26,18,12,HIGH
2026-07-03T22:58:27,19,12,HIGH
2026-07-03T22:58:28,20,10,HIGH
2026-07-03T22:58:29,21,10,HIGH
2026-07-03T22:58:30,22,6,MED
2026-07-03T22:58:31,23,10,HIGH
2026-07-03T22:58:32,24,9,HIGH
2026-07-03T22:58:33,25,12,HIGH
2026-07-03T22:58:34,26,10,HIGH
2026-07-03T22:58:35,27,13,HIGH
2026-07-03T22:58:36,28,14,HIGH
2026-07-03T22:58:37,29,11,HIGH
2026-07-03T22:58:38,30,10,HIGH
2026-07-03T22:58:39,31,9,HIGH
2026-07-03T22:58:39,32,9,HIGH
2026-07-03T22:58:40,33,11,HIGH
2026-07-03T22:58:41,34,10,HIGH
2026-07-03T22:58:42,35,11,HIGH
2026-07-03T22:58:43,36,10,HIGH
2026-07-03T22:58:44,37,12,HIGH
2026-07-03T22:58:45,38,13,HIGH
2026-07-03T22:58:45,39,15,HIGH
2026-07-03T22:58:46,40,14,HIGH
2026-07-03T22:58:47,41,18,HIGH
2026-07-03T22:58:48,42,15,HIGH
2026-07-03T22:58:49,43,14,HIGH
2026-07-03T22:58:50,44,10,HIGH
2026-07-03T22:58:51,45,11,HIGH
2026-07-03T22:58:51,46,9,HIGH
2026-07-03T22:58:52,47,8,HIGH
2026-07-03T22:58:53,48,7,HIGH
2026-07-03T22:58:54,49,12,HIGH
2026-07-03T22:58:55,50,10,HIGH
2026-07-03T22:58:56,51,8,HIGH
2026-07-03T22:58:56,52,10,HIGH
2026-07-03T22:58:57,53,9,HIGH
2026-07-03T22:58:58,54,7,HIGH
2026-07-03T22:58:58,55,6,MED
2026-07-03T22:58:59,56,7,HIGH
2026-07-03T22:59:00,57,3,LOW
2026-07-03T22:59:01,58,5,MED
2026-07-03T22:59:01,59,5,MED
2026-07-03T22:59:02,60,5,MED
2026-07-03T22:59:03,61,6,MED
2026-07-03T22:59:04,62,5,MED
2026-07-03T22:59:05,63,3,LOW
2026-07-03T22:59:05,64,2,LOW
2026-07-03T22:59:06,65,3,LOW
2026-07-03T22:59:07,66,4,MED
2026-07-03T22:59:08,67,6,MED
2026-07-03T22:59:08,68,6,MED
2026-07-03T22:59:09,69,4,MED
2026-07-03T22:59:10,70,5,MED
2026-07-03T22:59:11,71,4,MED
2026-07-03T22:59:11,72,6,MED
2026-07-03T22:59:12,73,8,HIGH
2026-07-03T22:59:13,74,9,HIGH
2026-07-03T22:59:14,75,4,MED
2026-07-03T22:59:15,76,2,LOW
2026-07-03T22:59:15,77,4,MED
2026-07-03T22:59:16,78,2,LOW
2026-07-03T22:59:17,79,2,LOW
2026-07-03T22:59:18,80,5,MED
2026-07-03T22:59:18,81,5,MED
2026-07-03T22:59:19,82,4,MED
2026-07-03T22:59:20,83,4,MED
2026-07-03T22:59:20,84,5,MED
2026-07-03T22:59:21,85,4,MED
2026-07-03T22:59:22,86,5,MED
2026-07-03T22:59:22,87,8,HIGH
2026-07-03T22:59:23,88,8,HIGH
2026-07-03T22:59:24,89,11,HIGH
2026-07-03T22:59:25,90,8,HIGH
2026-07-03T22:59:25,91,4,MED
2026-07-03T22:59:26,92,7,HIGH
2026-07-03T22:59:27,93,9,HIGH
2026-07-03T22:59:27,94,8,HIGH
2026-07-03T22:59:28,95,9,HIGH
2026-07-03T22:59:29,96,8,HIGH
2026-07-03T22:59:30,97,8,HIGH
2026-07-03T22:59:30,98,8,HIGH
2026-07-03T22:59:31,99,5,MED
2026-07-03T22:59:32,100,5,MED
2026-07-03T22:59:32,101,11,HIGH
2026-07-03T22:59:33,102,9,HIGH
2026-07-03T22:59:34,103,7,HIGH
2026-07-03T22:59:34,104,9,HIGH
2026-07-03T22:59:35,105,8,HIGH
2026-07-03T22:59:36,106,10,HIGH
2026-07-03T22:59:37,107,11,HIGH
2026-07-03T22:59:37,108,11,HIGH
2026-07-03T22:59:38,109,14,HIGH
2026-07-03T22:59:39,110,12,HIGH
2026-07-03T22:59:39,111,11,HIGH
2026-07-03T22:59:40,112,10,HIGH
2026-07-03T22:59:41,113,13,HIGH
2026-07-03T22:59:42,114,13,HIGH
2026-07-03T22:59:43,115,13,HIGH
2026-07-03T22:59:44,116,11,HIGH
2026-07-03T22:59:45,117,12,HIGH
2026-07-03T22:59:46,118,14,HIGH
2026-07-03T22:59:47,119,13,HIGH
2026-07-03T22:59:47,120,13,HIGH
2026-07-03T22:59:48,121,15,HIGH
2026-07-03T22:59:49,122,18,HIGH
2026-07-03T22:59:50,123,16,HIGH
2026-07-03T22:59:51,124,15,HIGH
2026-07-03T22:59:52,125,16,HIGH
2026-07-03T22:59:53,126,16,HIGH
2026-07-03T22:59:53,127,13,HIGH
2026-07-03T22:59:54,128,14,HIGH
2026-07-03T22:59:55,129,14,HIGH
2026-07-03T22:59:56,130,16,HIGH
2026-07-03T22:59:57,131,14,HIGH
2026-07-03T22:59:58,132,12,HIGH
2026-07-03T22:59:59,133,14,HIGH
2026-07-03T23:00:00,134,13,HIGH
2026-07-03T23:00:00,135,13,HIGH
2026-07-03T23:00:01,136,14,HIGH
2026-07-03T23:00:02,137,13,HIGH
2026-07-03T23:00:03,138,15,HIGH
2026-07-03T23:00:04,139,15,HIGH
2026-07-03T23:00:05,140,13,HIGH
2026-07-03T23:00:05,141,8,HIGH
2026-07-03T23:00:06,142,9,HIGH
2026-07-03T23:00:07,143,8,HIGH
2026-07-03T23:00:08,144,11,HIGH
2026-07-03T23:00:09,145,7,HIGH
2026-07-03T23:00:10,146,9,HIGH
2026-07-03T23:00:11,147,6,MED
2026-07-03T23:00:12,148,6,MED
2026-07-03T23:00:13,149,8,HIGH
2026-07-03T23:00:14,150,6,MED
2026-07-03T23:00:15,151,5,MED
2026-07-03T23:00:16,152,9,HIGH
2026-07-03T23:00:17,153,9,HIGH
2026-07-03T23:00:17,154,8,HIGH
2026-07-03T23:00:18,155,6,MED
2026-07-03T23:00:19,156,7,HIGH
2026-07-03T23:00:20,157,4,MED
2026-07-03T23:00:21,158,8,HIGH
2026-07-03T23:00:22,159,4,MED
2026-07-03T23:00:22,160,3,LOW
2026-07-03T23:00:23,161,5,MED
2026-07-03T23:00:24,162,4,MED
2026-07-03T23:00:25,163,3,LOW
2026-07-03T23:00:26,164,3,LOW
2026-07-03T23:00:27,165,4,MED
2026-07-03T23:00:28,166,2,LOW
2026-07-03T23:00:29,167,3,LOW
2026-07-03T23:00:29,168,7,HIGH
2026-07-03T23:00:30,169,6,MED
2026-07-03T23:00:31,170,7,HIGH
2026-07-03T23:00:32,171,6,MED
2026-07-03T23:00:33,172,4,MED
2026-07-03T23:00:34,173,2,LOW
2026-07-03T23:00:35,174,8,HIGH
2026-07-03T23:00:36,175,6,MED
2026-07-03T23:00:37,176,3,LOW
2026-07-03T23:00:37,177,4,MED
2026-07-03T23:00:38,178,4,MED
2026-07-03T23:00:39,179,3,LOW
2026-07-03T23:00:40,180,6,MED
2026-07-03T23:00:41,181,7,HIGH
2026-07-03T23:00:42,182,9,HIGH
2026-07-03T23:00:43,183,10,HIGH
2026-07-03T23:00:44,184,10,HIGH
2026-07-03T23:00:45,185,6,MED
2026-07-03T23:00:46,186,11,HIGH
2026-07-03T23:00:47,187,8,HIGH
2026-07-03T23:00:47,188,11,HIGH
2026-07-03T23:00:48,189,12,HIGH
2026-07-03T23:00:49,190,12,HIGH
2026-07-03T23:00:50,191,13,HIGH
2026-07-03T23:00:51,192,14,HIGH
2026-07-03T23:00:52,193,16,HIGH
2026-07-03T23:00:53,194,16,HIGH
2026-07-03T23:00:53,195,18,HIGH
2026-07-03T23:00:54,196,19,HIGH
2026-07-03T23:00:55,197,15,HIGH
2026-07-03T23:00:56,198,15,HIGH
2026-07-03T23:00:57,199,11,HIGH
2026-07-03T23:00:58,200,6,MED
2026-07-03T23:00:59,201,5,MED
2026-07-03T23:00:59,202,2,LOW
2026-07-03T23:01:02,203,1,LOW
2026-07-03T23:01:03,204,2,LOW
2026-07-03T23:01:04,205,4,MED
2026-07-03T23:01:05,206,7,HIGH
2026-07-03T23:01:05,207,12,HIGH
2026-07-03T23:01:06,208,11,HIGH
2026-07-03T23:01:07,209,12,HIGH
2026-07-03T23:01:08,210,12,HIGH
2026-07-03T23:01:09,211,15,HIGH
2026-07-03T23:01:10,212,15,HIGH
2026-07-03T23:01:11,213,13,HIGH
2026-07-03T23:01:12,214,21,HIGH
2026-07-03T23:01:12,215,20,HIGH
2026-07-03T23:01:13,216,16,HIGH
2026-07-03T23:01:14,217,11,HIGH
2026-07-03T23:01:15,218,16,HIGH
2026-07-03T23:01:16,219,21,HIGH
2026-07-03T23:01:17,220,12,HIGH
2026-07-03T23:01:18,221,17,HIGH
2026-07-03T23:01:19,222,14,HIGH
2026-07-03T23:01:20,223,11,HIGH
2026-07-03T23:01:21,224,13,HIGH
2026-07-03T23:01:22,225,18,HIGH
2026-07-03T23:01:23,226,19,HIGH
2026-07-03T23:01:23,227,14,HIGH
2026-07-03T23:01:24,228,16,HIGH
2026-07-03T23:01:25,229,16,HIGH
2026-07-03T23:01:26,230,14,HIGH
2026-07-03T23:01:27,231,18,HIGH
2026-07-03T23:01:28,232,17,HIGH
2026-07-03T23:01:29,233,13,HIGH
2026-07-03T23:01:30,234,15,HIGH
2026-07-03T23:01:31,235,15,HIGH
2026-07-03T23:01:31,236,13,HIGH
2026-07-03T23:01:32,237,15,HIGH
2026-07-03T23:01:33,238,13,HIGH
2026-07-03T23:01:34,239,15,HIGH
2026-07-03T23:01:35,240,19,HIGH
2026-07-03T23:01:36,241,18,HIGH
2026-07-03T23:01:36,242,19,HIGH
2026-07-03T23:01:37,243,17,HIGH
2026-07-03T23:01:38,244,13,HIGH
2026-07-03T23:01:39,245,19,HIGH
2026-07-03T23:01:40,246,17,HIGH
2026-07-03T23:01:41,247,13,HIGH
2026-07-03T23:01:42,248,16,HIGH
2026-07-03T23:01:43,249,14,HIGH
2026-07-03T23:01:43,250,16,HIGH
2026-07-03T23:01:44,251,16,HIGH
2026-07-03T23:01:45,252,17,HIGH
2026-07-03T23:01:46,253,20,HIGH
2026-07-03T23:01:47,254,16,HIGH
2026-07-03T23:01:48,255,17,HIGH
2026-07-03T23:01:49,256,15,HIGH
2026-07-03T23:01:50,257,19,HIGH
2026-07-03T23:01:50,258,16,HIGH
2026-07-03T23:01:51,259,15,HIGH
2026-07-03T23:01:52,260,18,HIGH
2026-07-03T23:01:52,261,28,HIGH
2026-07-03T23:01:53,262,18,HIGH
2026-07-03T23:01:54,263,17,HIGH
2026-07-03T23:01:55,264,16,HIGH
2026-07-03T23:01:56,265,13,HIGH
2026-07-03T23:01:57,266,13,HIGH
2026-07-03T23:01:58,267,14,HIGH
2026-07-03T23:01:59,268,16,HIGH
2026-07-03T23:01:59,269,15,HIGH
2026-07-03T23:02:00,270,14,HIGH
2026-07-03T23:02:01,271,18,HIGH
2026-07-03T23:02:02,272,13,HIGH
2026-07-03T23:02:03,273,13,HIGH
2026-07-03T23:02:04,274,16,HIGH
2026-07-03T23:02:05,275,14,HIGH
2026-07-03T23:02:06,276,12,HIGH
2026-07-03T23:02:06,277,17,HIGH
2026-07-03T23:02:07,278,11,HIGH
2026-07-03T23:02:08,279,12,HIGH
2026-07-03T23:02:09,280,12,HIGH
2026-07-03T23:02:10,281,10,HIGH
2026-07-03T23:02:11,282,10,HIGH
2026-07-03T23:02:12,283,7,HIGH
2026-07-03T23:02:12,284,11,HIGH
2026-07-03T23:02:13,285,10,HIGH
2026-07-03T23:02:14,286,13,HIGH
2026-07-03T23:02:15,287,11,HIGH
2026-07-03T23:02:16,288,14,HIGH
2026-07-03T23:02:17,289,15,HIGH
2026-07-03T23:02:18,290,11,HIGH
2026-07-03T23:02:18,291,10,HIGH
2026-07-03T23:02:20,292,10,HIGH
2026-07-03T23:02:20,293,10,HIGH
2026-07-03T23:02:21,294,12,HIGH
2026-07-03T23:02:22,295,11,HIGH
2026-07-03T23:02:23,296,12,HIGH
2026-07-03T23:02:24,297,11,HIGH
2026-07-03T23:02:25,298,13,HIGH
2026-07-03T23:02:26,299,14,HIGH
2026-07-03T23:02:27,300,16,HIGH
2026-07-03T23:02:28,301,14,HIGH
2026-07-03T23:02:29,302,18,HIGH
2026-07-03T23:02:30,303,16,HIGH
2026-07-03T23:02:30,304,15,HIGH
2026-07-03T23:02:31,305,11,HIGH
2026-07-03T23:02:32,306,11,HIGH
2026-07-03T23:02:33,307,9,HIGH
2026-07-03T23:02:34,308,8,HIGH
2026-07-03T23:02:35,309,8,HIGH
2026-07-03T23:02:36,310,14,HIGH
2026-07-03T23:02:37,311,11,HIGH
2026-07-03T23:02:38,312,9,HIGH
2026-07-03T23:02:38,313,11,HIGH
2026-07-03T23:02:39,314,10,HIGH
2026-07-03T23:02:40,315,8,HIGH
2026-07-03T23:02:41,316,8,HIGH
2026-07-03T23:02:42,317,8,HIGH
2026-07-03T23:02:43,318,4,MED
2026-07-03T23:02:44,319,6,MED
2026-07-03T23:02:45,320,5,MED
2026-07-03T23:02:46,321,5,MED
2026-07-03T23:02:47,322,6,MED
2026-07-03T23:02:47,323,5,MED
2026-07-03T23:02:48,324,3,LOW
2026-07-03T23:02:49,325,2,LOW
2026-07-03T23:02:50,326,3,LOW
2026-07-03T23:02:51,327,4,MED
2026-07-03T23:02:52,328,6,MED
2026-07-03T23:02:52,329,6,MED
2026-07-03T23:02:53,330,4,MED
2026-07-03T23:02:54,331,5,MED
2026-07-03T23:02:55,332,4,MED
2026-07-03T23:02:56,333,6,MED
2026-07-03T23:02:57,334,8,HIGH
2026-07-03T23:02:57,335,9,HIGH
2026-07-03T23:02:58,336,4,MED
2026-07-03T23:02:59,337,2,LOW
2026-07-03T23:03:00,338,4,MED
2026-07-03T23:03:01,339,2,LOW
2026-07-03T23:03:01,340,2,LOW
2026-07-03T23:03:02,341,5,MED
2026-07-03T23:03:03,342,5,MED
2026-07-03T23:03:04,343,4,MED
2026-07-03T23:03:05,344,4,MED
2026-07-03T23:03:06,345,5,MED
2026-07-03T23:03:06,346,4,MED
2026-07-03T23:03:07,347,5,MED
2026-07-03T23:03:08,348,8,HIGH
2026-07-03T23:03:09,349,8,HIGH
2026-07-03T23:03:10,350,11,HIGH
2026-07-03T23:03:11,351,8,HIGH
2026-07-03T23:03:12,352,4,MED
2026-07-03T23:03:13,353,7,HIGH
2026-07-03T23:03:14,354,9,HIGH
2026-07-03T23:03:14,355,8,HIGH
2026-07-03T23:03:15,356,9,HIGH
2026-07-03T23:03:16,357,8,HIGH
2026-07-03T23:03:17,358,8,HIGH
2026-07-03T23:03:18,359,8,HIGH
2026-07-03T23:03:19,360,5,MED
2026-07-03T23:03:19,361,5,MED
2026-07-03T23:03:20,362,11,HIGH
2026-07-03T23:03:21,363,9,HIGH
2026-07-03T23:03:22,364,7,HIGH
2026-07-03T23:03:23,365,9,HIGH
2026-07-03T23:03:24,366,8,HIGH
2026-07-03T23:03:24,367,10,HIGH
2026-07-03T23:03:25,368,11,HIGH
2026-07-03T23:03:26,369,11,HIGH
2026-07-03T23:03:27,370,14,HIGH
2026-07-03T23:03:28,371,12,HIGH
2026-07-03T23:03:29,372,11,HIGH
2026-07-03T23:03:29,373,10,HIGH
2026-07-03T23:03:30,374,13,HIGH
2026-07-03T23:03:31,375,13,HIGH
2026-07-03T23:03:32,376,13,HIGH
2026-07-03T23:03:33,377,11,HIGH
2026-07-03T23:03:34,378,12,HIGH
2026-07-03T23:03:34,379,14,HIGH
2026-07-03T23:03:35,380,13,HIGH
2026-07-03T23:03:36,381,13,HIGH
2026-07-03T23:03:37,382,15,HIGH
2026-07-03T23:03:39,383,15,HIGH
2026-07-03T23:03:40,384,16,HIGH
2026-07-03T23:03:40,385,13,HIGH
2026-07-03T23:03:41,386,13,HIGH
2026-07-03T23:03:42,387,13,HIGH
2026-07-03T23:03:43,388,14,HIGH
2026-07-03T23:03:44,389,17,HIGH
2026-07-03T23:03:45,390,16,HIGH
2026-07-03T23:03:46,391,13,HIGH
2026-07-03T23:03:47,392,17,HIGH
2026-07-03T23:03:48,393,14,HIGH
2026-07-03T23:03:48,394,13,HIGH
2026-07-03T23:03:49,395,15,HIGH
2026-07-03T23:03:50,396,14,HIGH
2026-07-03T23:03:51,397,12,HIGH
2026-07-03T23:03:52,398,19,HIGH
2026-07-03T23:03:53,399,10,HIGH
2026-07-03T23:03:54,400,12,HIGH
2026-07-03T23:03:54,401,11,HIGH
2026-07-03T23:03:55,402,11,HIGH
2026-07-03T23:03:56,403,10,HIGH
2026-07-03T23:03:57,404,7,HIGH
2026-07-03T23:03:57,405,10,HIGH
2026-07-03T23:03:58,406,9,HIGH
2026-07-03T23:03:59,407,13,HIGH
2026-07-03T23:04:00,408,10,HIGH
2026-07-03T23:04:00,409,10,HIGH
2026-07-03T23:04:01,410,16,HIGH
2026-07-03T23:04:02,411,11,HIGH
2026-07-03T23:04:03,412,10,HIGH
2026-07-03T23:04:03,413,10,HIGH
2026-07-03T23:04:04,414,9,HIGH
2026-07-03T23:04:05,415,10,HIGH
2026-07-03T23:04:06,416,13,HIGH
2026-07-03T23:04:06,417,12,HIGH
2026-07-03T23:04:07,418,9,HIGH
2026-07-03T23:04:08,419,12,HIGH
2026-07-03T23:04:09,420,11,HIGH
2026-07-03T23:04:10,421,15,HIGH
2026-07-03T23:04:10,422,15,HIGH
2026-07-03T23:04:11,423,19,HIGH
2026-07-03T23:04:12,424,16,HIGH
2026-07-03T23:04:13,425,13,HIGH
2026-07-03T23:04:14,426,11,HIGH
2026-07-03T23:04:14,427,10,HIGH
2026-07-03T23:04:15,428,11,HIGH
2026-07-03T23:04:16,429,7,HIGH
2026-07-03T23:04:17,430,8,HIGH
2026-07-03T23:04:18,431,11,HIGH
2026-07-03T23:04:18,432,9,HIGH
2026-07-03T23:04:19,433,10,HIGH
2026-07-03T23:04:20,434,10,HIGH
2026-07-03T23:04:21,435,9,HIGH
2026-07-03T23:04:21,436,7,HIGH
2026-07-03T23:04:22,437,5,MED
2026-07-03T23:04:23,438,6,MED
2026-07-03T23:04:24,439,3,LOW
2026-07-03T23:04:24,440,5,MED
2026-07-03T23:04:25,441,4,MED
2026-07-03T23:04:26,442,4,MED
2026-07-03T23:04:26,443,7,HIGH
2026-07-03T23:04:27,444,6,MED
2026-07-03T23:04:28,445,6,MED
2026-07-03T23:04:29,446,2,LOW
2026-07-03T23:04:29,447,3,LOW
2026-07-03T23:04:30,448,3,LOW
2026-07-03T23:04:31,449,9,HIGH
2026-07-03T23:04:32,450,7,HIGH
2026-07-03T23:04:32,451,4,MED
2026-07-03T23:04:33,452,5,MED
2026-07-03T23:04:34,453,5,MED
2026-07-03T23:04:35,454,8,HIGH
2026-07-03T23:04:35,455,7,HIGH
2026-07-03T23:04:36,456,7,HIGH
2026-07-03T23:04:37,457,3,LOW
2026-07-03T23:04:37,458,3,LOW
2026-07-03T23:04:38,459,4,MED
2026-07-03T23:04:39,460,2,LOW
2026-07-03T23:04:40,461,2,LOW
2026-07-03T23:04:40,462,5,MED
2026-07-03T23:04:41,463,5,MED
2026-07-03T23:04:42,464,4,MED
2026-07-03T23:04:42,465,5,MED
2026-07-03T23:04:43,466,5,MED
2026-07-03T23:04:44,467,3,LOW
2026-07-03T23:04:45,468,5,MED
2026-07-03T23:04:45,469,7,HIGH
2026-07-03T23:04:46,470,11,HIGH
2026-07-03T23:04:47,471,10,HIGH
2026-07-03T23:04:48,472,7,HIGH
2026-07-03T23:04:48,473,6,MED
2026-07-03T23:04:49,474,6,MED
2026-07-03T23:04:50,475,11,HIGH
2026-07-03T23:04:51,476,9,HIGH
2026-07-03T23:04:51,477,10,HIGH
2026-07-03T23:04:52,478,9,HIGH
2026-07-03T23:04:53,479,8,HIGH
2026-07-03T23:04:54,480,9,HIGH
2026-07-03T23:04:54,481,6,MED
2026-07-03T23:04:55,482,4,MED
2026-07-03T23:04:56,483,8,HIGH
2026-07-03T23:04:57,484,11,HIGH
2026-07-03T23:04:57,485,7,HIGH
2026-07-03T23:04:58,486,10,HIGH
2026-07-03T23:04:59,487,9,HIGH
2026-07-03T23:05:00,488,11,HIGH
2026-07-03T23:05:00,489,11,HIGH
2026-07-03T23:05:01,490,10,HIGH
2026-07-03T23:05:02,491,13,HIGH
2026-07-03T23:05:03,492,12,HIGH
2026-07-03T23:05:03,493,13,HIGH
2026-07-03T23:05:04,494,11,HIGH
2026-07-03T23:05:05,495,14,HIGH
2026-07-03T23:05:05,496,13,HIGH
2026-07-03T23:05:06,497,13,HIGH
2026-07-03T23:05:07,498,11,HIGH
2026-07-03T23:05:08,499,15,HIGH
2026-07-03T23:05:08,500,15,HIGH
2026-07-03T23:05:09,501,13,HIGH
2026-07-03T23:05:10,502,14,HIGH
2026-07-03T23:05:11,503,14,HIGH
2026-07-03T23:05:12,504,18,HIGH
2026-07-03T23:05:12,505,15,HIGH
2026-07-03T23:05:13,506,14,HIGH
2026-07-03T23:05:14,507,15,HIGH
2026-07-03T23:05:15,508,17,HIGH
2026-07-03T23:05:15,509,14,HIGH
2026-07-03T23:05:16,510,15,HIGH
2026-07-03T23:05:17,511,14,HIGH
2026-07-03T23:05:18,512,19,HIGH
2026-07-03T23:05:18,513,14,HIGH
2026-07-03T23:05:19,514,12,HIGH
2026-07-03T23:05:20,515,14,HIGH
2026-07-03T23:05:21,516,13,HIGH
2026-07-03T23:05:22,517,12,HIGH
2026-07-03T23:05:23,518,12,HIGH
2026-07-03T23:05:23,519,14,HIGH
2026-07-03T23:05:24,520,15,HIGH
2026-07-03T23:05:25,521,16,HIGH
2026-07-03T23:05:26,522,14,HIGH
2026-07-03T23:05:26,523,8,HIGH
2026-07-03T23:05:27,524,9,HIGH
2026-07-03T23:05:28,525,8,HIGH
2026-07-03T23:05:29,526,11,HIGH
2026-07-03T23:05:29,527,9,HIGH
2026-07-03T23:05:30,528,9,HIGH
2026-07-03T23:05:31,529,6,MED
2026-07-03T23:05:32,530,5,MED
2026-07-03T23:05:33,531,7,HIGH
2026-07-03T23:05:34,532,6,MED
2026-07-03T23:05:35,533,6,MED
2026-07-03T23:05:35,534,9,HIGH
2026-07-03T23:05:36,535,10,HIGH
2026-07-03T23:05:37,536,8,HIGH
2026-07-03T23:05:38,537,6,MED
2026-07-03T23:05:39,538,6,MED
2026-07-03T23:05:40,539,5,MED
2026-07-03T23:05:41,540,7,HIGH
2026-07-03T23:05:42,541,4,MED
2026-07-03T23:05:42,542,5,MED
2026-07-03T23:05:43,543,5,MED
2026-07-03T23:05:44,544,4,MED
2026-07-03T23:05:45,545,4,MED
2026-07-03T23:05:46,546,3,LOW
2026-07-03T23:05:46,547,5,MED
2026-07-03T23:05:47,548,3,LOW
2026-07-03T23:05:48,549,4,MED
2026-07-03T23:05:49,550,7,HIGH
2026-07-03T23:05:50,551,5,MED
2026-07-03T23:05:51,552,7,HIGH
2026-07-03T23:05:51,553,7,HIGH
2026-07-03T23:05:52,554,4,MED
2026-07-03T23:05:53,555,5,MED
2026-07-03T23:05:54,556,6,MED
2026-07-03T23:05:55,557,8,HIGH
2026-07-03T23:05:56,558,3,LOW
2026-07-03T23:05:56,559,4,MED
2026-07-03T23:05:57,560,4,MED
2026-07-03T23:05:58,561,6,MED
2026-07-03T23:05:59,562,6,MED
2026-07-03T23:06:00,563,9,HIGH
2026-07-03T23:06:01,564,9,HIGH
2026-07-03T23:06:02,565,9,HIGH
2026-07-03T23:06:03,566,11,HIGH
2026-07-03T23:06:04,567,11,HIGH
2026-07-03T23:06:05,568,11,HIGH
2026-07-03T23:06:06,569,10,HIGH
2026-07-03T23:06:07,570,14,HIGH
2026-07-03T23:06:08,571,13,HIGH
2026-07-03T23:06:09,572,13,HIGH
2026-07-03T23:06:10,573,14,HIGH
2026-07-03T23:06:11,574,15,HIGH
2026-07-03T23:06:11,575,16,HIGH
2026-07-03T23:06:12,576,14,HIGH
2026-07-03T23:06:13,577,19,HIGH
2026-07-03T23:06:14,578,20,HIGH
2026-07-03T23:06:15,579,15,HIGH
2026-07-03T23:06:16,580,14,HIGH
2026-07-03T23:06:16,581,13,HIGH
2026-07-03T23:06:17,582,4,MED
2026-07-03T23:06:18,583,5,MED
2026-07-03T23:06:18,584,2,LOW
2026-07-03T23:06:19,585,1,LOW
2026-07-03T23:06:20,586,2,LOW
2026-07-03T23:06:21,587,4,MED
2026-07-03T23:06:21,588,9,HIGH
2026-07-03T23:06:22,589,13,HIGH
2026-07-03T23:06:23,590,10,HIGH
2026-07-03T23:06:23,591,14,HIGH
2026-07-03T23:06:24,592,12,HIGH
2026-07-03T23:06:25,593,14,HIGH
2026-07-03T23:06:25,594,16,HIGH
2026-07-03T23:06:26,595,13,HIGH
2026-07-03T23:06:27,596,16,HIGH
2026-07-03T23:06:28,597,21,HIGH
2026-07-03T23:06:28,598,15,HIGH
2026-07-03T23:06:29,599,15,HIGH
2026-07-03T23:06:30,600,16,HIGH
2026-07-03T23:06:30,601,22,HIGH
2026-07-03T23:06:31,602,15,HIGH
2026-07-03T23:06:32,603,15,HIGH
2026-07-03T23:06:33,604,15,HIGH
2026-07-03T23:06:33,605,11,HIGH
2026-07-03T23:06:34,606,10,HIGH
2026-07-03T23:06:35,607,17,HIGH
2026-07-03T23:06:35,608,21,HIGH
2026-07-03T23:06:36,609,14,HIGH
2026-07-03T23:06:37,610,17,HIGH
2026-07-03T23:06:37,611,16,HIGH
2026-07-03T23:06:38,612,16,HIGH
2026-07-03T23:06:39,613,19,HIGH
2026-07-03T23:06:39,614,20,HIGH
2026-07-03T23:06:40,615,14,HIGH
2026-07-03T23:06:41,616,15,HIGH
2026-07-03T23:06:42,617,15,HIGH
2026-07-03T23:06:43,618,15,HIGH
2026-07-03T23:06:43,619,16,HIGH
2026-07-03T23:06:44,620,14,HIGH
2026-07-03T23:06:45,621,13,HIGH
2026-07-03T23:06:45,622,18,HIGH
2026-07-03T23:06:46,623,19,HIGH
2026-07-03T23:06:47,624,18,HIGH
2026-07-03T23:06:47,625,17,HIGH
2026-07-03T23:06:48,626,16,HIGH
2026-07-03T23:06:49,627,17,HIGH
2026-07-03T23:06:50,628,15,HIGH
2026-07-03T23:06:50,629,11,HIGH
2026-07-03T23:06:51,630,17,HIGH
2026-07-03T23:06:52,631,15,HIGH
2026-07-03T23:06:52,632,15,HIGH
2026-07-03T23:06:53,633,17,HIGH
2026-07-03T23:06:54,634,17,HIGH
2026-07-03T23:06:54,635,18,HIGH
2026-07-03T23:06:55,636,18,HIGH
2026-07-03T23:06:56,637,16,HIGH
2026-07-03T23:06:57,638,17,HIGH
2026-07-03T23:06:57,639,18,HIGH
2026-07-03T23:06:58,640,16,HIGH
2026-07-03T23:06:59,641,15,HIGH
2026-07-03T23:06:59,642,17,HIGH
2026-07-03T23:07:00,643,28,HIGH
2026-07-03T23:07:00,644,18,HIGH
2026-07-03T23:07:01,645,17,HIGH
2026-07-03T23:07:02,646,16,HIGH
2026-07-03T23:07:02,647,13,HIGH
2026-07-03T23:07:03,648,13,HIGH
2026-07-03T23:07:04,649,14,HIGH
2026-07-03T23:07:04,650,16,HIGH
2026-07-03T23:07:05,651,15,HIGH
2026-07-03T23:07:06,652,14,HIGH
2026-07-03T23:07:07,653,18,HIGH
2026-07-03T23:07:07,654,13,HIGH
2026-07-03T23:07:08,655,13,HIGH
2026-07-03T23:07:09,656,16,HIGH
2026-07-03T23:07:10,657,14,HIGH
2026-07-03T23:07:10,658,12,HIGH
2026-07-03T23:07:11,659,17,HIGH
2026-07-03T23:07:12,660,11,HIGH
2026-07-03T23:07:12,661,12,HIGH
2026-07-03T23:07:13,662,12,HIGH
2026-07-03T23:07:14,663,10,HIGH
2026-07-03T23:07:14,664,10,HIGH
2026-07-03T23:07:15,665,7,HIGH
2026-07-03T23:07:16,666,11,HIGH
2026-07-03T23:07:16,667,10,HIGH
2026-07-03T23:07:17,668,13,HIGH
2026-07-03T23:07:18,669,11,HIGH
2026-07-03T23:07:18,670,14,HIGH
2026-07-03T23:07:19,671,15,HIGH
2026-07-03T23:07:20,672,11,HIGH
2026-07-03T23:07:20,673,10,HIGH
2026-07-03T23:07:21,674,10,HIGH
2026-07-03T23:07:22,675,10,HIGH
2026-07-03T23:07:23,676,12,HIGH
2026-07-03T23:07:23,677,11,HIGH
2026-07-03T23:07:24,678,12,HIGH
2026-07-03T23:07:25,679,11,HIGH
2026-07-03T23:07:25,680,13,HIGH
2026-07-03T23:07:26,681,14,HIGH
2026-07-03T23:07:27,682,16,HIGH
2026-07-03T23:07:27,683,14,HIGH
2026-07-03T23:07:28,684,18,HIGH
2026-07-03T23:07:29,685,16,HIGH
2026-07-03T23:07:29,686,15,HIGH
2026-07-03T23:07:30,687,11,HIGH
2026-07-03T23:07:31,688,11,HIGH
2026-07-03T23:07:31,689,9,HIGH
2026-07-03T23:07:32,690,8,HIGH
2026-07-03T23:07:33,691,8,HIGH
2026-07-03T23:07:34,692,14,HIGH
2026-07-03T23:07:34,693,11,HIGH
2026-07-03T23:07:35,694,9,HIGH
2026-07-03T23:07:36,695,11,HIGH
2026-07-03T23:07:36,696,10,HIGH
2026-07-03T23:07:37,697,8,HIGH
2026-07-03T23:07:38,698,8,HIGH
2026-07-03T23:07:38,699,8,HIGH
2026-07-03T23:07:39,700,4,MED
2026-07-03T23:07:40,701,6,MED
2026-07-03T23:07:40,702,5,MED
2026-07-03T23:07:41,703,5,MED
2026-07-03T23:07:42,704,6,MED
2026-07-03T23:07:42,705,5,MED
2026-07-03T23:07:43,706,3,LOW
2026-07-03T23:07:44,707,2,LOW
2026-07-03T23:07:44,708,3,LOW
2026-07-03T23:07:45,709,4,MED
2026-07-03T23:07:46,710,6,MED
2026-07-03T23:07:46,711,6,MED
2026-07-03T23:07:47,712,4,MED
2026-07-03T23:07:48,713,5,MED
2026-07-03T23:07:49,714,4,MED
2026-07-03T23:07:49,715,6,MED
2026-07-03T23:07:50,716,8,HIGH
2026-07-03T23:07:51,717,9,HIGH
2026-07-03T23:07:51,718,4,MED
2026-07-03T23:07:52,719,2,LOW
2026-07-03T23:07:53,720,4,MED
2026-07-03T23:07:53,721,2,LOW
2026-07-03T23:07:54,722,2,LOW
2026-07-03T23:07:55,723,5,MED
2026-07-03T23:07:55,724,5,MED
2026-07-03T23:07:56,725,4,MED
2026-07-03T23:07:57,726,4,MED
2026-07-03T23:07:57,727,5,MED
2026-07-03T23:07:58,728,4,MED
2026-07-03T23:07:59,729,5,MED
2026-07-03T23:07:59,730,8,HIGH
2026-07-03T23:08:00,731,8,HIGH
2026-07-03T23:08:01,732,11,HIGH
2026-07-03T23:08:01,733,8,HIGH
2026-07-03T23:08:02,734,4,MED
2026-07-03T23:08:03,735,7,HIGH
2026-07-03T23:08:03,736,9,HIGH
2026-07-03T23:08:04,737,8,HIGH
2026-07-03T23:08:05,738,9,HIGH
2026-07-03T23:08:05,739,8,HIGH
2026-07-03T23:08:06,740,8,HIGH
2026-07-03T23:08:07,741,8,HIGH
2026-07-03T23:08:08,742,5,MED
2026-07-03T23:08:08,743,5,MED
2026-07-03T23:08:09,744,11,HIGH
2026-07-03T23:08:10,745,9,HIGH
2026-07-03T23:08:10,746,7,HIGH
2026-07-03T23:08:11,747,9,HIGH
2026-07-03T23:08:12,748,8,HIGH
2026-07-03T23:08:12,749,10,HIGH
2026-07-03T23:08:13,750,11,HIGH
2026-07-03T23:08:14,751,11,HIGH
2026-07-03T23:08:14,752,14,HIGH
2026-07-03T23:08:15,753,12,HIGH
2026-07-03T23:08:16,754,11,HIGH
2026-07-03T23:08:16,755,10,HIGH
2026-07-03T23:08:17,756,13,HIGH
2026-07-03T23:08:18,757,13,HIGH
2026-07-03T23:08:18,758,13,HIGH
2026-07-03T23:08:19,759,11,HIGH
2026-07-03T23:08:20,760,12,HIGH
2026-07-03T23:08:20,761,14,HIGH
2026-07-03T23:08:21,762,13,HIGH
2026-07-03T23:08:22,763,13,HIGH
2026-07-03T23:08:22,764,15,HIGH
2026-07-03T23:08:23,765,18,HIGH
2026-07-03T23:08:24,766,16,HIGH
2026-07-03T23:08:25,767,15,HIGH
2026-07-03T23:08:25,768,16,HIGH
2026-07-03T23:08:26,769,16,HIGH
2026-07-03T23:08:27,770,13,HIGH
2026-07-03T23:08:27,771,14,HIGH
2026-07-03T23:08:28,772,14,HIGH
2026-07-03T23:08:29,773,16,HIGH
2026-07-03T23:08:29,774,14,HIGH
2026-07-03T23:08:30,775,12,HIGH
2026-07-03T23:08:31,776,14,HIGH
2026-07-03T23:08:31,777,13,HIGH
2026-07-03T23:08:32,778,13,HIGH
2026-07-03T23:08:33,779,14,HIGH
2026-07-03T23:08:33,780,13,HIGH
2026-07-03T23:08:34,781,15,HIGH
2026-07-03T23:08:35,782,15,HIGH
2026-07-03T23:08:35,783,13,HIGH
2026-07-03T23:08:36,784,8,HIGH
2026-07-03T23:08:37,785,9,HIGH
2026-07-03T23:08:37,786,8,HIGH
2026-07-03T23:08:38,787,11,HIGH
2026-07-03T23:08:39,788,7,HIGH
2026-07-03T23:08:39,789,9,HIGH
2026-07-03T23:08:40,790,6,MED
2026-07-03T23:08:41,791,6,MED
2026-07-03T23:08:41,792,8,HIGH
2026-07-03T23:08:42,793,6,MED
2026-07-03T23:08:43,794,5,MED
2026-07-03T23:08:43,795,9,HIGH
2026-07-03T23:08:44,796,9,HIGH
2026-07-03T23:08:45,797,8,HIGH
2026-07-03T23:08:45,798,6,MED
2026-07-03T23:08:46,799,7,HIGH
2026-07-03T23:08:47,800,4,MED
2026-07-03T23:08:48,801,8,HIGH
2026-07-03T23:08:48,802,4,MED
2026-07-03T23:08:49,803,3,LOW
2026-07-03T23:08:50,804,5,MED
2026-07-03T23:08:50,805,4,MED
2026-07-03T23:08:51,806,3,LOW
2026-07-03T23:08:52,807,3,LOW
2026-07-03T23:08:53,808,4,MED
2026-07-03T23:08:53,809,2,LOW
2026-07-03T23:08:54,810,3,LOW
2026-07-03T23:08:55,811,7,HIGH
2026-07-03T23:08:55,812,6,MED
2026-07-03T23:08:56,813,7,HIGH
2026-07-03T23:08:57,814,6,MED
2026-07-03T23:08:57,815,4,MED
2026-07-03T23:08:58,816,2,LOW
2026-07-03T23:08:59,817,8,HIGH
2026-07-03T23:08:59,818,6,MED
2026-07-03T23:09:00,819,3,LOW
2026-07-03T23:09:01,820,4,MED
2026-07-03T23:09:02,821,4,MED
2026-07-03T23:09:02,822,3,LOW
2026-07-03T23:09:03,823,6,MED
2026-07-03T23:09:04,824,7,HIGH
2026-07-03T23:09:04,825,9,HIGH
2026-07-03T23:09:05,826,10,HIGH
2026-07-03T23:09:06,827,10,HIGH
2026-07-03T23:09:07,828,6,MED
2026-07-03T23:09:07,829,11,HIGH
2026-07-03T23:09:08,830,8,HIGH
2026-07-03T23:09:09,831,11,HIGH
2026-07-03T23:09:09,832,12,HIGH
2026-07-03T23:09:10,833,12,HIGH
2026-07-03T23:09:11,834,13,HIGH
2026-07-03T23:09:12,835,14,HIGH
2026-07-03T23:09:13,836,16,HIGH
2026-07-03T23:09:13,837,16,HIGH
2026-07-03T23:09:14,838,18,HIGH
2026-07-03T23:09:15,839,19,HIGH
2026-07-03T23:09:16,840,15,HIGH
2026-07-03T23:09:17,841,15,HIGH
2026-07-03T23:09:17,842,11,HIGH
2026-07-03T23:09:18,843,6,MED
2026-07-03T23:09:19,844,5,MED
2026-07-03T23:09:19,845,2,LOW
2026-07-03T23:09:20,846,1,LOW
2026-07-03T23:09:21,847,2,LOW
2026-07-03T23:09:21,848,4,MED
2026-07-03T23:09:22,849,7,HIGH
2026-07-03T23:09:23,850,12,HIGH
2026-07-03T23:09:23,851,11,HIGH
2026-07-03T23:09:24,852,12,HIGH
2026-07-03T23:09:25,853,12,HIGH
2026-07-03T23:09:25,854,15,HIGH
2026-07-03T23:09:26,855,15,HIGH
2026-07-03T23:09:27,856,13,HIGH
2026-07-03T23:09:28,857,21,HIGH
2026-07-03T23:09:28,858,20,HIGH
2026-07-03T23:09:29,859,16,HIGH
2026-07-03T23:09:30,860,11,HIGH
2026-07-03T23:09:30,861,16,HIGH
2026-07-03T23:09:31,862,21,HIGH
2026-07-03T23:09:32,863,12,HIGH
2026-07-03T23:09:32,864,17,HIGH
2026-07-03T23:09:33,865,14,HIGH
2026-07-03T23:09:34,866,11,HIGH
2026-07-03T23:09:35,867,13,HIGH
2026-07-03T23:09:35,868,18,HIGH
2026-07-03T23:09:36,869,19,HIGH
2026-07-03T23:09:37,870,14,HIGH
2026-07-03T23:09:37,871,16,HIGH
2026-07-03T23:09:38,872,16,HIGH
2026-07-03T23:09:39,873,14,HIGH
2026-07-03T23:09:40,874,18,HIGH
2026-07-03T23:09:40,875,17,HIGH
2026-07-03T23:09:41,876,13,HIGH
2026-07-03T23:09:42,877,15,HIGH
2026-07-03T23:09:43,878,15,HIGH
2026-07-03T23:09:43,879,13,HIGH
2026-07-03T23:09:44,880,15,HIGH
2026-07-03T23:09:45,881,13,HIGH
2026-07-03T23:09:45,882,15,HIGH
2026-07-03T23:09:46,883,19,HIGH
2026-07-03T23:09:47,884,18,HIGH
2026-07-03T23:09:48,885,19,HIGH
2026-07-03T23:09:48,886,17,HIGH
2026-07-03T23:09:49,887,13,HIGH
2026-07-03T23:09:50,888,19,HIGH
2026-07-03T23:09:50,889,17,HIGH
2026-07-03T23:09:51,890,13,HIGH
2026-07-03T23:09:52,891,16,HIGH
2026-07-03T23:09:52,892,14,HIGH
2026-07-03T23:09:53,893,16,HIGH
2026-07-03T23:09:54,894,16,HIGH
2026-07-03T23:09:54,895,17,HIGH
2026-07-03T23:09:55,896,20,HIGH
2026-07-03T23:09:56,897,16,HIGH
2026-07-03T23:09:56,898,17,HIGH
2026-07-03T23:09:57,899,15,HIGH
2026-07-03T23:09:58,900,19,HIGH
2026-07-03T23:09:59,901,16,HIGH
2026-07-03T23:09:59,902,15,HIGH
2026-07-03T23:10:00,903,18,HIGH
2026-07-03T23:10:00,904,28,HIGH
2026-07-03T23:10:01,905,18,HIGH
2026-07-03T23:10:01,906,17,HIGH
2026-07-03T23:10:02,907,16,HIGH
2026-07-03T23:10:03,908,13,HIGH
2026-07-03T23:10:03,909,13,HIGH
2026-07-03T23:10:04,910,14,HIGH
2026-07-03T23:10:05,911,16,HIGH
2026-07-03T23:10:05,912,15,HIGH
2026-07-03T23:10:06,913,14,HIGH
2026-07-03T23:10:07,914,18,HIGH
2026-07-03T23:10:08,915,13,HIGH
2026-07-03T23:10:08,916,13,HIGH
2026-07-03T23:10:09,917,16,HIGH
2026-07-03T23:10:10,918,14,HIGH
2026-07-03T23:10:11,919,12,HIGH
2026-07-03T23:10:11,920,17,HIGH
2026-07-03T23:10:12,921,11,HIGH
2026-07-03T23:10:13,922,12,HIGH
2026-07-03T23:10:13,923,12,HIGH
2026-07-03T23:10:14,924,10,HIGH
2026-07-03T23:10:15,925,10,HIGH
2026-07-03T23:10:15,926,7,HIGH
2026-07-03T23:10:16,927,11,HIGH
2026-07-03T23:10:17,928,10,HIGH
2026-07-03T23:10:17,929,13,HIGH
2026-07-03T23:10:18,930,11,HIGH
2026-07-03T23:10:19,931,14,HIGH
2026-07-03T23:10:20,932,15,HIGH
2026-07-03T23:10:20,933,11,HIGH
2026-07-03T23:10:21,934,10,HIGH
2026-07-03T23:10:22,935,10,HIGH
2026-07-03T23:10:23,936,10,HIGH
2026-07-03T23:10:24,937,12,HIGH
2026-07-03T23:10:25,938,11,HIGH
2026-07-03T23:10:26,939,12,HIGH
2026-07-03T23:10:26,940,11,HIGH
2026-07-03T23:10:27,941,13,HIGH
2026-07-03T23:10:28,942,14,HIGH
2026-07-03T23:10:29,943,16,HIGH
2026-07-03T23:10:30,944,14,HIGH
2026-07-03T23:10:30,945,18,HIGH
2026-07-03T23:10:31,946,16,HIGH
2026-07-03T23:10:32,947,15,HIGH
2026-07-03T23:10:33,948,11,HIGH
2026-07-03T23:10:34,949,11,HIGH
2026-07-03T23:10:34,950,9,HIGH
2026-07-03T23:10:35,951,8,HIGH
2026-07-03T23:10:36,952,8,HIGH
2026-07-03T23:10:37,953,14,HIGH
2026-07-03T23:10:38,954,11,HIGH
2026-07-03T23:10:39,955,9,HIGH
2026-07-03T23:10:40,956,11,HIGH
2026-07-03T23:10:40,957,10,HIGH
2026-07-03T23:10:41,958,8,HIGH
2026-07-03T23:10:42,959,8,HIGH
2026-07-03T23:10:43,960,8,HIGH
2026-07-03T23:10:43,961,4,MED
2026-07-03T23:10:44,962,6,MED
2026-07-03T23:10:45,963,5,MED
2026-07-03T23:10:46,964,5,MED
2026-07-03T23:10:47,965,6,MED
2026-07-03T23:10:47,966,5,MED
2026-07-03T23:10:48,967,3,LOW
2026-07-03T23:10:49,968,2,LOW
2026-07-03T23:10:50,969,3,LOW
2026-07-03T23:10:51,970,4,MED
2026-07-03T23:10:52,971,6,MED
2026-07-03T23:10:52,972,6,MED
2026-07-03T23:10:53,973,4,MED
2026-07-03T23:10:54,974,5,MED
2026-07-03T23:10:55,975,4,MED
2026-07-03T23:10:55,976,6,MED
2026-07-03T23:10:56,977,8,HIGH
2026-07-03T23:10:57,978,9,HIGH
2026-07-03T23:10:58,979,4,MED
2026-07-03T23:10:59,980,2,LOW
2026-07-03T23:11:00,981,4,MED
2026-07-03T23:11:00,982,2,LOW
2026-07-03T23:11:01,983,2,LOW
2026-07-03T23:11:02,984,5,MED
2026-07-03T23:11:03,985,5,MED
2026-07-03T23:11:04,986,4,MED
2026-07-03T23:11:05,987,4,MED
2026-07-03T23:11:06,988,5,MED
2026-07-03T23:11:06,989,4,MED
2026-07-03T23:11:07,990,5,MED
2026-07-03T23:11:08,991,8,HIGH
2026-07-03T23:11:09,992,8,HIGH
2026-07-03T23:11:10,993,11,HIGH
2026-07-03T23:11:10,994,8,HIGH
2026-07-03T23:11:11,995,4,MED
2026-07-03T23:11:12,996,7,HIGH
2026-07-03T23:11:13,997,9,HIGH
2026-07-03T23:11:14,998,8,HIGH
2026-07-03T23:11:14,999,9,HIGH
2026-07-03T23:11:15,1000,8,HIGH
2026-07-03T23:11:16,1001,8,HIGH
2026-07-03T23:11:17,1002,8,HIGH
2026-07-03T23:11:18,1003,5,MED
2026-07-03T23:11:18,1004,5,MED
2026-07-03T23:11:19,1005,11,HIGH
2026-07-03T23:11:20,1006,9,HIGH
2026-07-03T23:11:21,1007,7,HIGH
2026-07-03T23:11:22,1008,9,HIGH
2026-07-03T23:11:22,1009,8,HIGH
2026-07-03T23:11:23,1010,10,HIGH
2026-07-03T23:11:24,1011,11,HIGH
2026-07-03T23:11:25,1012,11,HIGH
2026-07-03T23:11:26,1013,14,HIGH
2026-07-03T23:11:26,1014,12,HIGH
2026-07-03T23:11:28,1015,11,HIGH
2026-07-03T23:11:28,1016,10,HIGH
2026-07-03T23:11:29,1017,13,HIGH
2026-07-03T23:11:30,1018,13,HIGH
2026-07-03T23:11:31,1019,13,HIGH
2026-07-03T23:11:32,1020,11,HIGH
2026-07-03T23:11:33,1021,12,HIGH
2026-07-03T23:11:33,1022,14,HIGH
2026-07-03T23:11:34,1023,13,HIGH
2026-07-03T23:11:35,1024,13,HIGH
2026-07-03T23:11:36,1025,15,HIGH
2026-07-03T23:11:37,1026,18,HIGH
2026-07-03T23:11:38,1027,16,HIGH
2026-07-03T23:11:38,1028,15,HIGH
2026-07-03T23:11:39,1029,16,HIGH
2026-07-03T23:11:40,1030,16,HIGH
2026-07-03T23:11:41,1031,13,HIGH
2026-07-03T23:11:42,1032,14,HIGH
2026-07-03T23:11:42,1033,14,HIGH
2026-07-03T23:11:43,1034,16,HIGH
2026-07-03T23:11:44,1035,14,HIGH
2026-07-03T23:11:45,1036,12,HIGH
2026-07-03T23:11:46,1037,14,HIGH
2026-07-03T23:11:46,1038,13,HIGH
2026-07-03T23:11:47,1039,13,HIGH
2026-07-03T23:11:48,1040,14,HIGH
2026-07-03T23:11:49,1041,13,HIGH
2026-07-03T23:11:50,1042,15,HIGH
2026-07-03T23:11:51,1043,15,HIGH
2026-07-03T23:11:51,1044,13,HIGH
2026-07-03T23:11:52,1045,8,HIGH
2026-07-03T23:11:53,1046,9,HIGH
2026-07-03T23:11:54,1047,8,HIGH
2026-07-03T23:11:55,1048,11,HIGH
2026-07-03T23:11:56,1049,7,HIGH
2026-07-03T23:11:56,1050,9,HIGH
2026-07-03T23:11:57,1051,6,MED
2026-07-03T23:11:58,1052,6,MED
2026-07-03T23:11:59,1053,8,HIGH
2026-07-03T23:12:00,1054,6,MED
2026-07-03T23:12:00,1055,5,MED
2026-07-03T23:12:01,1056,9,HIGH
2026-07-03T23:12:02,1057,9,HIGH
2026-07-03T23:12:03,1058,8,HIGH
2026-07-03T23:12:04,1059,6,MED
2026-07-03T23:12:04,1060,7,HIGH
2026-07-03T23:12:05,1061,4,MED
2026-07-03T23:12:06,1062,8,HIGH
2026-07-03T23:12:07,1063,4,MED
2026-07-03T23:12:08,1064,3,LOW
2026-07-03T23:12:08,1065,5,MED
2026-07-03T23:12:09,1066,4,MED
2026-07-03T23:12:10,1067,3,LOW
2026-07-03T23:12:11,1068,3,LOW
2026-07-03T23:12:11,1069,4,MED
2026-07-03T23:12:12,1070,2,LOW
2026-07-03T23:12:13,1071,3,LOW
2026-07-03T23:12:14,1072,7,HIGH
2026-07-03T23:12:15,1073,6,MED
2026-07-03T23:12:15,1074,7,HIGH
2026-07-03T23:12:16,1075,6,MED
2026-07-03T23:12:17,1076,4,MED
2026-07-03T23:12:18,1077,2,LOW
2026-07-03T23:12:18,1078,8,HIGH
2026-07-03T23:12:20,1079,6,MED
2026-07-03T23:12:20,1080,3,LOW
2026-07-03T23:12:21,1081,4,MED
2026-07-03T23:12:22,1082,4,MED
2026-07-03T23:12:23,1083,3,LOW
2026-07-03T23:12:23,1084,6,MED
2026-07-03T23:12:24,1085,7,HIGH
2026-07-03T23:12:25,1086,9,HIGH
2026-07-03T23:12:26,1087,10,HIGH
2026-07-03T23:12:27,1088,10,HIGH
2026-07-03T23:12:27,1089,6,MED
2026-07-03T23:12:28,1090,11,HIGH
2026-07-03T23:12:29,1091,8,HIGH
2026-07-03T23:12:30,1092,11,HIGH
2026-07-03T23:12:31,1093,12,HIGH
2026-07-03T23:12:31,1094,12,HIGH
2026-07-03T23:12:32,1095,13,HIGH
2026-07-03T23:12:33,1096,14,HIGH
2026-07-03T23:12:34,1097,16,HIGH
2026-07-03T23:12:35,1098,16,HIGH
2026-07-03T23:12:35,1099,18,HIGH
2026-07-03T23:12:36,1100,19,HIGH
2026-07-03T23:12:37,1101,15,HIGH
2026-07-03T23:12:38,1102,15,HIGH
2026-07-03T23:12:39,1103,11,HIGH
2026-07-03T23:12:39,1104,6,MED
2026-07-03T23:12:40,1105,5,MED
2026-07-03T23:12:41,1106,2,LOW
2026-07-03T23:12:42,1107,1,LOW
2026-07-03T23:12:43,1108,2,LOW
2026-07-03T23:12:43,1109,4,MED
2026-07-03T23:12:44,1110,7,HIGH
2026-07-03T23:12:45,1111,12,HIGH
2026-07-03T23:12:46,1112,11,HIGH
2026-07-03T23:12:47,1113,12,HIGH
2026-07-03T23:12:48,1114,12,HIGH
2026-07-03T23:12:49,1115,15,HIGH
2026-07-03T23:12:50,1116,15,HIGH
2026-07-03T23:12:50,1117,13,HIGH
2026-07-03T23:12:51,1118,21,HIGH
2026-07-03T23:12:52,1119,20,HIGH
2026-07-03T23:12:53,1120,16,HIGH
2026-07-03T23:12:54,1121,11,HIGH
2026-07-03T23:12:55,1122,16,HIGH
2026-07-03T23:12:55,1123,21,HIGH
2026-07-03T23:12:56,1124,12,HIGH
2026-07-03T23:12:57,1125,17,HIGH
2026-07-03T23:12:58,1126,14,HIGH
2026-07-03T23:12:59,1127,11,HIGH
2026-07-03T23:13:00,1128,13,HIGH
2026-07-03T23:13:01,1129,18,HIGH
2026-07-03T23:13:02,1130,19,HIGH
2026-07-03T23:13:03,1131,14,HIGH
2026-07-03T23:13:03,1132,16,HIGH
2026-07-03T23:13:04,1133,16,HIGH
2026-07-03T23:13:05,1134,14,HIGH
2026-07-03T23:13:06,1135,18,HIGH
2026-07-03T23:13:07,1136,17,HIGH
2026-07-03T23:13:08,1137,13,HIGH
2026-07-03T23:13:08,1138,15,HIGH
2026-07-04T11:48:00,0,0,LOW
2026-07-04T11:48:03,1,10,HIGH
2026-07-04T11:48:07,2,9,HIGH
2026-07-04T11:48:11,3,10,HIGH
2026-07-04T11:48:14,4,7,HIGH
2026-07-04T11:48:20,5,9,HIGH
2026-07-04T11:48:23,6,10,HIGH
2026-07-04T11:48:26,7,11,HIGH
2026-07-04T11:48:30,8,13,HIGH
2026-07-04T11:48:34,9,10,HIGH
2026-07-04T11:48:38,10,13,HIGH
2026-07-04T11:48:41,11,11,HIGH
2026-07-04T11:48:44,12,12,HIGH
2026-07-04T11:48:48,13,14,HIGH
2026-07-04T11:48:53,14,10,HIGH
2026-07-04T11:48:59,15,10,HIGH
2026-07-04T11:49:04,16,9,HIGH
2026-07-04T11:49:08,17,8,HIGH
2026-07-04T11:49:11,18,10,HIGH
2026-07-04T11:49:16,19,7,HIGH
2026-07-04T11:49:19,20,6,MED
2026-07-04T11:49:22,21,5,MED
2026-07-04T11:49:24,22,4,MED
2026-07-04T11:49:27,23,6,MED
2026-07-04T11:49:30,24,6,MED
2026-07-04T11:49:32,25,6,MED
2026-07-04T11:49:34,26,8,HIGH
2026-07-04T11:49:38,27,7,HIGH
2026-07-04T11:49:41,28,12,HIGH
2026-07-04T11:49:44,29,7,HIGH
2026-07-04T11:49:48,30,5,MED
2026-07-04T11:49:52,31,7,HIGH
2026-07-04T11:49:56,32,8,HIGH
2026-07-04T11:50:00,33,5,MED
2026-07-04T11:50:04,34,7,HIGH
2026-07-04T11:50:09,35,9,HIGH
2026-07-04T11:50:13,36,6,MED
2026-07-04T11:50:20,37,9,HIGH
2026-07-04T11:50:24,38,9,HIGH
2026-07-04T11:50:28,39,10,HIGH
2026-07-04T11:50:32,40,10,HIGH
2026-07-04T11:50:36,41,12,HIGH
2026-07-04T11:50:40,42,11,HIGH
2026-07-04T11:50:43,43,8,HIGH
2026-07-04T11:50:46,44,6,MED
2026-07-04T11:50:49,45,7,HIGH
2026-07-04T11:50:51,46,6,MED
2026-07-04T11:50:53,47,3,LOW
2026-07-04T11:50:55,48,6,MED
2026-07-04T11:50:57,49,10,HIGH
2026-07-04T11:50:59,50,6,MED
2026-07-04T11:51:02,51,4,MED
2026-07-04T11:51:04,52,6,MED
2026-07-04T11:51:06,53,4,MED
2026-07-04T11:51:08,54,3,LOW
2026-07-04T11:51:10,55,4,MED
2026-07-04T11:51:12,56,5,MED
2026-07-04T11:51:15,57,3,LOW
2026-07-04T11:51:16,58,5,MED
2026-07-04T11:51:18,59,4,MED
2026-07-04T11:51:20,60,4,MED
2026-07-04T11:51:24,61,5,MED
2026-07-04T11:51:26,62,4,MED
2026-07-04T11:51:29,63,3,LOW
2026-07-04T11:51:31,64,2,LOW
2026-07-04T11:51:34,65,3,LOW
2026-07-04T11:51:36,66,3,LOW
2026-07-04T11:51:38,67,4,MED
2026-07-04T11:51:42,68,3,LOW
2026-07-04T11:51:43,69,3,LOW
2026-07-04T11:51:46,70,3,LOW
2026-07-04T11:51:49,71,4,MED
2026-07-04T11:51:53,72,4,MED
2026-07-04T11:51:56,73,7,HIGH
2026-07-04T11:51:58,74,4,MED
2026-07-04T11:52:00,75,4,MED
2026-07-04T11:52:02,76,2,LOW
2026-07-04T11:52:04,77,1,LOW
2026-07-04T11:52:06,78,2,LOW
2026-07-04T11:52:07,79,1,LOW
2026-07-04T11:52:09,80,2,LOW
2026-07-04T11:52:11,81,3,LOW
2026-07-04T11:52:14,82,3,LOW
2026-07-04T11:52:16,83,4,MED
2026-07-04T11:52:19,84,2,LOW
2026-07-04T11:52:20,85,3,LOW
2026-07-04T11:52:22,86,3,LOW
2026-07-04T11:52:24,87,5,MED
2026-07-04T11:52:26,88,5,MED
2026-07-04T11:52:29,89,7,HIGH
2026-07-04T11:52:30,90,7,HIGH
2026-07-04T11:52:33,91,4,MED
2026-07-04T11:52:35,92,3,LOW
2026-07-04T11:52:37,93,7,HIGH
2026-07-04T11:52:39,94,6,MED
2026-07-04T11:52:41,95,7,HIGH
2026-07-04T11:52:44,96,8,HIGH
2026-07-04T11:52:45,97,6,MED
2026-07-04T11:52:47,98,5,MED
2026-07-04T11:52:49,99,4,MED
2026-07-04T11:52:50,100,5,MED
2026-07-04T11:52:52,101,7,HIGH
2026-07-04T11:52:55,102,7,HIGH
2026-07-04T11:52:57,103,6,MED
2026-07-04T11:53:01,104,8,HIGH
2026-07-04T11:53:03,105,7,HIGH
2026-07-04T11:53:06,106,10,HIGH
2026-07-04T11:53:08,107,9,HIGH
2026-07-04T11:53:11,108,8,HIGH
2026-07-04T11:53:14,109,9,HIGH
2026-07-04T11:53:17,110,11,HIGH
2026-07-04T11:53:20,111,10,HIGH
2026-07-04T11:53:24,112,9,HIGH
2026-07-04T11:53:27,113,11,HIGH
2026-07-04T11:53:29,114,10,HIGH
2026-07-04T11:53:32,115,10,HIGH
2026-07-04T11:53:35,116,10,HIGH
2026-07-04T11:53:38,117,10,HIGH
2026-07-04T11:53:41,118,12,HIGH
2026-07-04T11:53:44,119,12,HIGH
2026-07-04T11:53:47,120,12,HIGH
2026-07-04T11:53:50,121,12,HIGH
2026-07-04T11:53:53,122,16,HIGH
2026-07-04T11:53:56,123,13,HIGH
2026-07-04T11:53:59,124,12,HIGH
2026-07-04T11:54:02,125,13,HIGH
2026-07-04T11:54:05,126,14,HIGH
2026-07-04T11:54:08,127,13,HIGH
2026-07-04T11:54:11,128,12,HIGH
2026-07-04T11:54:14,129,11,HIGH
2026-07-04T11:54:17,130,15,HIGH
2026-07-04T11:54:20,131,11,HIGH
2026-07-04T11:54:22,132,10,HIGH
2026-07-04T11:54:25,133,12,HIGH
2026-07-04T11:54:27,134,9,HIGH
2026-07-04T11:54:30,135,9,HIGH
2026-07-04T11:54:32,136,11,HIGH
2026-07-04T11:54:34,137,10,HIGH
2026-07-04T11:54:37,138,11,HIGH
2026-07-04T11:54:40,139,11,HIGH
2026-07-04T11:54:43,140,9,HIGH
2026-07-04T11:54:46,141,7,HIGH
2026-07-04T11:54:48,142,7,HIGH
2026-07-04T11:54:50,143,6,MED
2026-07-04T11:54:53,144,8,HIGH
2026-07-04T11:54:56,145,6,MED
2026-07-04T11:54:59,146,6,MED
2026-07-04T11:55:02,147,5,MED
2026-07-04T11:55:04,148,5,MED
2026-07-04T11:55:07,149,6,MED
2026-07-04T11:55:10,150,4,MED
2026-07-04T11:55:13,151,5,MED
2026-07-04T11:55:16,152,6,MED
2026-07-04T11:55:18,153,9,HIGH
2026-07-04T11:55:20,154,6,MED
2026-07-04T11:55:22,155,5,MED
2026-07-04T11:55:24,156,3,LOW
2026-07-04T11:55:26,157,4,MED
2026-07-04T11:55:28,158,7,HIGH
2026-07-04T11:55:30,159,3,LOW
2026-07-04T11:55:32,160,2,LOW
2026-07-04T11:55:34,161,3,LOW
2026-07-04T11:55:37,162,2,LOW
2026-07-04T11:55:39,163,1,LOW
2026-07-04T11:55:40,164,1,LOW
2026-07-04T11:55:42,165,3,LOW
2026-07-04T11:55:43,166,1,LOW
2026-07-04T11:55:44,167,3,LOW
2026-07-04T11:55:46,168,5,MED
2026-07-04T11:55:47,169,5,MED
2026-07-04T11:55:49,170,3,LOW
2026-07-04T11:55:52,171,4,MED
2026-07-04T11:55:53,172,3,LOW
2026-07-04T11:55:55,173,2,LOW
2026-07-04T11:55:57,174,4,MED
2026-07-04T11:55:58,175,3,LOW
2026-07-04T11:56:00,176,2,LOW
2026-07-04T11:56:02,177,2,LOW
2026-07-04T11:56:04,178,3,LOW
2026-07-04T11:56:06,179,3,LOW
2026-07-04T11:56:08,180,5,MED
2026-07-04T11:56:10,181,4,MED
2026-07-04T11:56:12,182,5,MED
2026-07-04T11:56:14,183,6,MED
2026-07-04T11:56:15,184,6,MED
2026-07-04T11:56:18,185,6,MED
2026-07-04T11:56:22,186,6,MED
2026-07-04T11:56:25,187,6,MED
2026-07-04T11:56:29,188,9,HIGH
2026-07-04T11:56:32,189,9,HIGH
2026-07-04T11:56:35,190,10,HIGH
2026-07-04T11:56:38,191,8,HIGH
2026-07-04T11:56:41,192,10,HIGH
2026-07-04T11:56:43,193,7,HIGH
2026-07-04T11:56:46,194,9,HIGH
2026-07-04T11:56:49,195,15,HIGH
2026-07-04T11:56:52,196,14,HIGH
2026-07-04T11:56:55,197,9,HIGH
2026-07-04T11:56:58,198,6,MED
2026-07-04T11:57:01,199,5,MED
2026-07-04T11:57:03,200,2,LOW
2026-07-04T11:57:05,201,1,LOW
2026-07-04T11:57:07,202,1,LOW
2026-07-04T11:57:10,203,1,LOW
2026-07-04T11:57:11,204,1,LOW
2026-07-04T11:57:12,205,2,LOW
2026-07-04T11:57:14,206,6,MED
2026-07-04T11:57:17,207,9,HIGH
2026-07-04T11:57:20,208,9,HIGH
2026-07-04T11:57:23,209,9,HIGH
2026-07-04T11:57:25,210,8,HIGH
2026-07-04T11:57:28,211,10,HIGH
2026-07-04T11:57:32,212,11,HIGH
2026-07-04T11:57:35,213,7,HIGH
2026-07-04T11:57:38,214,10,HIGH
2026-07-04T11:57:42,215,16,HIGH
2026-07-04T11:57:45,216,11,HIGH
2026-07-04T11:57:49,217,9,HIGH
2026-07-04T11:57:52,218,12,HIGH
2026-07-04T11:57:56,219,15,HIGH
2026-07-04T11:57:59,220,10,HIGH
2026-07-04T11:58:02,221,13,HIGH
2026-07-04T11:58:05,222,11,HIGH
2026-07-04T11:58:08,223,11,HIGH
2026-07-04T11:58:10,224,9,HIGH
2026-07-04T11:58:14,225,12,HIGH
2026-07-04T11:58:18,226,14,HIGH
2026-07-04T11:58:21,227,10,HIGH
2026-07-04T11:58:25,228,13,HIGH
2026-07-04T11:58:28,229,13,HIGH
2026-07-04T11:58:31,230,14,HIGH
2026-07-04T11:58:34,231,10,HIGH
2026-07-04T11:58:37,232,15,HIGH
2026-07-04T11:58:40,233,11,HIGH
2026-07-04T11:58:44,234,11,HIGH
2026-07-04T11:58:47,235,10,HIGH
2026-07-04T11:58:49,236,11,HIGH
2026-07-04T11:58:53,237,13,HIGH
2026-07-04T11:58:56,238,9,HIGH
2026-07-04T11:58:58,239,11,HIGH
2026-07-04T11:59:01,240,13,HIGH
2026-07-04T11:59:04,241,13,HIGH
2026-07-04T11:59:08,242,14,HIGH
2026-07-04T11:59:11,243,14,HIGH
2026-07-04T11:59:14,244,11,HIGH
2026-07-04T11:59:18,245,13,HIGH
2026-07-04T11:59:20,246,14,HIGH
2026-07-04T11:59:23,247,10,HIGH
2026-07-04T11:59:26,248,12,HIGH
2026-07-04T11:59:30,249,11,HIGH
2026-07-04T11:59:33,250,12,HIGH
2026-07-04T11:59:36,251,14,HIGH
2026-07-04T11:59:39,252,16,HIGH
2026-07-04T11:59:43,253,14,HIGH
2026-07-04T11:59:46,254,14,HIGH
2026-07-04T11:59:49,255,14,HIGH
2026-07-04T11:59:52,256,10,HIGH
2026-07-04T11:59:56,257,15,HIGH
2026-07-04T11:59:59,258,15,HIGH
2026-07-04T12:00:02,259,12,HIGH
2026-07-04T12:00:05,260,11,HIGH
2026-07-04T12:00:06,261,3,LOW
2026-07-04T12:00:08,262,12,HIGH
2026-07-04T12:00:11,263,10,HIGH
2026-07-04T12:00:14,264,11,HIGH
2026-07-04T12:00:17,265,8,HIGH
2026-07-04T12:00:22,266,10,HIGH
2026-07-04T12:00:25,267,11,HIGH
2026-07-04T12:00:28,268,11,HIGH
2026-07-04T12:00:31,269,13,HIGH
2026-07-04T12:00:34,270,10,HIGH
2026-07-04T12:00:37,271,13,HIGH
2026-07-04T12:00:40,272,11,HIGH
2026-07-04T12:00:43,273,12,HIGH
2026-07-04T12:00:45,274,14,HIGH
2026-07-04T12:00:48,275,10,HIGH
2026-07-04T12:00:51,276,10,HIGH
2026-07-04T12:00:54,277,9,HIGH
2026-07-04T12:00:57,278,8,HIGH
2026-07-04T12:01:00,279,10,HIGH
2026-07-04T12:01:04,280,7,HIGH
2026-07-04T12:01:06,281,6,MED
2026-07-04T12:01:08,282,5,MED
2026-07-04T12:01:10,283,4,MED
2026-07-04T12:01:13,284,6,MED
2026-07-04T12:01:16,285,6,MED
2026-07-04T12:01:19,286,6,MED
2026-07-04T12:01:21,287,8,HIGH
2026-07-04T12:01:24,288,7,HIGH
2026-07-04T12:01:27,289,12,HIGH
2026-07-04T12:01:30,290,7,HIGH
2026-07-04T12:01:32,291,5,MED
2026-07-04T12:01:34,292,7,HIGH
2026-07-04T12:01:37,293,8,HIGH
2026-07-04T12:01:39,294,5,MED
2026-07-04T12:01:41,295,7,HIGH
2026-07-04T12:01:44,296,9,HIGH
2026-07-04T12:01:46,297,6,MED
2026-07-04T12:01:49,298,9,HIGH
2026-07-04T12:01:51,299,9,HIGH
2026-07-04T12:01:54,300,10,HIGH
2026-07-04T12:01:56,301,10,HIGH
2026-07-04T12:01:59,302,12,HIGH
2026-07-04T12:02:02,303,11,HIGH
2026-07-04T12:02:04,304,8,HIGH
2026-07-04T12:02:07,305,6,MED
2026-07-04T12:02:09,306,7,HIGH
2026-07-04T12:02:11,307,6,MED
2026-07-04T12:02:13,308,3,LOW
2026-07-04T12:02:17,309,6,MED
2026-07-04T12:02:19,310,10,HIGH
2026-07-04T12:02:21,311,6,MED
2026-07-04T12:02:23,312,4,MED
2026-07-04T12:02:25,313,6,MED
2026-07-04T12:02:27,314,4,MED
2026-07-04T12:02:29,315,3,LOW
2026-07-04T12:02:31,316,4,MED
2026-07-04T12:02:33,317,5,MED
2026-07-04T12:02:35,318,3,LOW
2026-07-04T12:02:37,319,5,MED
2026-07-04T12:02:38,320,4,MED
2026-07-04T12:02:40,321,4,MED
2026-07-04T12:02:42,322,5,MED
2026-07-04T12:02:44,323,4,MED
2026-07-04T12:02:46,324,3,LOW
2026-07-04T12:02:47,325,2,LOW
2026-07-04T12:02:49,326,3,LOW
2026-07-04T12:02:51,327,3,LOW
2026-07-04T12:02:54,328,4,MED
2026-07-04T12:02:56,329,3,LOW
2026-07-04T12:02:58,330,3,LOW
2026-07-04T12:02:59,331,3,LOW
2026-07-04T12:03:01,332,4,MED
2026-07-04T12:03:03,333,4,MED
2026-07-04T12:03:05,334,7,HIGH
2026-07-04T12:03:07,335,4,MED
2026-07-04T12:03:09,336,4,MED
2026-07-04T12:03:11,337,2,LOW
2026-07-04T12:03:12,338,1,LOW
2026-07-04T12:03:13,339,2,LOW
2026-07-04T12:03:15,340,1,LOW
2026-07-04T12:03:16,341,2,LOW
2026-07-04T12:03:18,342,3,LOW
2026-07-04T12:03:20,343,3,LOW
2026-07-04T12:03:22,344,4,MED
2026-07-04T12:03:23,345,2,LOW
2026-07-04T12:03:25,346,3,LOW
2026-07-04T12:03:27,347,3,LOW
2026-07-04T12:03:28,348,5,MED
2026-07-04T12:03:30,349,5,MED
2026-07-04T12:03:32,350,7,HIGH
2026-07-04T12:03:35,351,7,HIGH
2026-07-04T12:03:36,352,4,MED
2026-07-04T12:03:38,353,3,LOW
2026-07-04T12:03:40,354,7,HIGH
2026-07-04T12:03:42,355,6,MED
2026-07-04T12:03:44,356,7,HIGH
2026-07-04T12:03:46,357,8,HIGH
2026-07-04T12:03:48,358,6,MED
2026-07-04T12:03:50,359,5,MED
2026-07-04T12:03:52,360,4,MED
2026-07-04T12:03:53,361,5,MED
2026-07-04T12:03:56,362,7,HIGH
2026-07-04T12:03:58,363,7,HIGH
2026-07-04T12:04:00,364,6,MED
2026-07-04T12:04:02,365,8,HIGH
2026-07-04T12:04:04,366,7,HIGH
2026-07-04T12:04:06,367,10,HIGH
2026-07-04T12:04:09,368,9,HIGH
2026-07-04T12:04:11,369,8,HIGH
2026-07-07T18:24:29,0,0,LOW
2026-07-07T18:24:32,1,10,HIGH
2026-07-07T18:24:34,2,9,HIGH
2026-07-07T18:24:38,3,10,HIGH
2026-07-07T18:24:41,4,7,HIGH
2026-07-07T18:24:44,5,9,HIGH
2026-07-07T18:24:49,6,10,HIGH
2026-07-07T18:24:52,7,11,HIGH
2026-07-07T18:24:55,8,13,HIGH
2026-07-07T18:24:58,9,10,HIGH
2026-07-07T18:25:01,10,13,HIGH
2026-07-07T18:25:04,11,11,HIGH
2026-07-07T18:25:08,12,12,HIGH
2026-07-07T18:25:12,13,14,HIGH
2026-07-07T18:25:16,14,10,HIGH
2026-07-07T18:25:19,15,10,HIGH
2026-07-07T18:25:23,16,9,HIGH
2026-07-07T18:25:27,17,8,HIGH
2026-07-07T18:25:30,18,10,HIGH
2026-07-07T18:25:33,19,7,HIGH
2026-07-07T18:25:36,20,6,MED
2026-07-07T18:25:38,21,5,MED
2026-07-07T18:25:40,22,4,MED
2026-07-07T18:25:42,23,6,MED
2026-07-07T18:25:45,24,6,MED
2026-07-07T18:25:47,25,6,MED
2026-07-07T18:25:49,26,8,HIGH
2026-07-07T18:25:52,27,7,HIGH
2026-07-07T18:25:55,28,12,HIGH
2026-07-07T18:25:58,29,7,HIGH
2026-07-07T18:26:00,30,5,MED
2026-07-07T18:26:02,31,7,HIGH
2026-07-07T18:26:05,32,8,HIGH
2026-07-07T18:26:09,33,5,MED
2026-07-07T18:26:11,34,7,HIGH
2026-07-07T18:26:14,35,9,HIGH
2026-07-07T18:26:16,36,6,MED
2026-07-07T18:26:19,37,9,HIGH
2026-07-07T18:26:21,38,9,HIGH
2026-07-07T18:26:24,39,10,HIGH
2026-07-07T18:26:27,40,10,HIGH
2026-07-07T18:26:30,41,12,HIGH
2026-07-07T18:26:33,42,11,HIGH
2026-07-07T18:26:38,43,8,HIGH
2026-07-07T18:26:40,44,6,MED
2026-07-07T18:26:43,45,7,HIGH
2026-07-07T18:26:46,46,6,MED
2026-07-07T18:26:48,47,3,LOW
2026-07-07T18:26:50,48,6,MED
2026-07-07T18:26:52,49,10,HIGH
2026-07-07T18:26:54,50,6,MED
2026-07-07T18:26:56,51,4,MED
2026-07-07T18:26:58,52,6,MED
2026-07-07T18:27:01,53,4,MED
2026-07-07T18:27:03,54,3,LOW
2026-07-07T18:27:05,55,4,MED
2026-07-07T18:27:08,56,5,MED
2026-07-07T18:27:11,57,3,LOW
2026-07-07T18:27:13,58,5,MED
2026-07-07T18:27:15,59,4,MED
2026-07-07T18:27:17,60,4,MED
2026-07-07T18:27:20,61,5,MED
2026-07-07T18:27:22,62,4,MED
2026-07-07T18:27:25,63,3,LOW
2026-07-07T18:27:28,64,2,LOW
2026-07-07T18:27:30,65,3,LOW
2026-07-07T18:27:32,66,3,LOW
2026-07-07T18:27:35,67,4,MED
2026-07-07T18:27:37,68,3,LOW
2026-07-07T18:27:40,69,3,LOW
2026-07-07T18:27:44,70,3,LOW
2026-07-07T18:27:46,71,4,MED
2026-07-07T18:27:49,72,4,MED
2026-07-07T18:27:54,73,7,HIGH
2026-07-07T18:27:57,74,4,MED
2026-07-07T18:28:00,75,4,MED
2026-07-07T18:28:03,76,2,LOW
2026-07-07T18:28:06,77,1,LOW
2026-07-07T18:28:09,78,2,LOW
2026-07-07T18:28:12,79,1,LOW
2026-07-07T18:28:13,80,2,LOW
2026-07-07T18:28:15,81,3,LOW
2026-07-07T18:28:18,82,3,LOW
2026-07-07T18:28:21,83,4,MED
2026-07-07T18:28:24,84,2,LOW
2026-07-07T18:28:28,85,3,LOW
2026-07-07T18:28:29,86,3,LOW
2026-07-07T18:28:31,87,5,MED
2026-07-07T18:28:36,88,5,MED
2026-07-07T18:28:39,89,7,HIGH
2026-07-07T18:28:42,90,7,HIGH
2026-07-07T18:28:44,91,4,MED
2026-07-07T18:28:47,92,3,LOW
2026-07-07T18:28:51,93,7,HIGH
2026-07-07T18:28:55,94,6,MED
2026-07-07T18:28:59,95,7,HIGH
2026-07-07T18:29:02,96,8,HIGH
2026-07-07T18:29:04,97,6,MED
2026-07-07T18:29:06,98,5,MED
2026-07-07T18:29:08,99,4,MED
2026-07-07T18:29:10,100,5,MED
2026-07-07T18:29:13,101,7,HIGH
2026-07-07T18:29:16,102,7,HIGH
2026-07-07T18:29:20,103,6,MED
2026-07-07T18:29:23,104,8,HIGH
2026-07-07T18:29:25,105,7,HIGH
2026-07-07T18:29:28,106,10,HIGH
2026-07-07T18:29:31,107,9,HIGH
2026-07-07T18:29:35,108,8,HIGH
2026-07-07T18:29:38,109,9,HIGH
2026-07-07T18:29:42,110,11,HIGH
2026-07-07T18:29:47,111,10,HIGH
2026-07-07T18:29:50,112,9,HIGH
2026-07-07T18:29:54,113,11,HIGH
2026-07-07T18:29:58,114,10,HIGH
2026-07-07T18:30:03,115,10,HIGH
2026-07-07T18:30:06,116,10,HIGH
2026-07-07T18:30:09,117,10,HIGH
2026-07-07T18:30:12,118,12,HIGH
2026-07-07T18:30:17,119,12,HIGH
2026-07-07T18:30:21,120,12,HIGH
2026-07-07T18:30:24,121,12,HIGH
2026-07-07T18:30:28,122,16,HIGH
2026-07-07T18:30:32,123,13,HIGH
2026-07-07T18:30:35,124,12,HIGH
2026-07-07T18:30:39,125,13,HIGH
2026-07-07T18:30:43,126,14,HIGH
2026-07-07T18:30:48,127,13,HIGH
2026-07-07T18:30:53,128,12,HIGH
2026-07-07T18:30:58,129,11,HIGH
2026-07-07T18:31:02,130,15,HIGH
2026-07-07T18:31:05,131,11,HIGH
2026-07-07T18:31:08,132,10,HIGH
2026-07-07T18:31:12,133,12,HIGH
2026-07-07T18:31:15,134,9,HIGH
2026-07-07T18:31:18,135,9,HIGH
2026-07-07T18:31:20,136,11,HIGH
2026-07-07T18:31:24,137,10,HIGH
2026-07-07T18:31:28,138,11,HIGH
2026-07-07T18:31:31,139,11,HIGH
2026-07-07T18:31:35,140,9,HIGH
2026-07-07T18:31:38,141,7,HIGH
2026-07-07T18:31:42,142,7,HIGH
2026-07-07T18:31:45,143,6,MED
2026-07-07T18:31:47,144,8,HIGH
2026-07-07T18:31:50,145,6,MED
2026-07-07T18:31:55,146,6,MED
2026-07-07T18:31:58,147,5,MED
2026-07-07T18:32:00,148,5,MED
2026-07-07T18:32:04,149,6,MED
2026-07-07T18:32:06,150,4,MED
2026-07-07T18:32:10,151,5,MED
2026-07-07T18:32:13,152,6,MED
2026-07-07T18:32:17,153,9,HIGH
2026-07-07T18:32:21,154,6,MED
2026-07-07T18:32:23,155,5,MED
2026-07-07T18:32:25,156,3,LOW
2026-07-07T18:32:27,157,4,MED
2026-07-07T18:32:31,158,7,HIGH
2026-07-07T18:32:34,159,3,LOW
2026-07-07T18:32:38,160,2,LOW
2026-07-07T18:32:40,161,3,LOW
2026-07-07T18:32:42,162,2,LOW
2026-07-07T18:32:44,163,1,LOW
2026-07-07T18:32:46,164,1,LOW
2026-07-07T18:32:48,165,3,LOW
2026-07-07T18:32:50,166,1,LOW
2026-07-07T18:32:51,167,3,LOW
2026-07-07T18:32:54,168,5,MED
2026-07-07T18:32:56,169,5,MED
2026-07-07T18:32:59,170,3,LOW
2026-07-07T18:33:01,171,4,MED
2026-07-07T18:33:03,172,3,LOW
2026-07-07T18:33:06,173,2,LOW
2026-07-07T18:33:07,174,4,MED
2026-07-07T18:33:10,175,3,LOW
2026-07-07T18:33:11,176,2,LOW
2026-07-07T18:33:14,177,2,LOW
2026-07-07T18:33:16,178,3,LOW
2026-07-07T18:33:18,179,3,LOW
2026-07-07T18:33:20,180,5,MED
2026-07-07T18:33:22,181,4,MED
2026-07-07T18:33:25,182,5,MED
2026-07-07T18:33:27,183,6,MED
2026-07-07T18:33:29,184,6,MED
2026-07-07T18:33:32,185,6,MED
2026-07-07T18:33:34,186,6,MED
2026-07-07T18:33:37,187,6,MED
2026-07-07T18:33:40,188,9,HIGH
2026-07-07T18:33:42,189,9,HIGH
2026-07-07T18:33:45,190,10,HIGH
2026-07-07T18:33:47,191,8,HIGH
2026-07-07T18:33:49,192,10,HIGH
2026-07-07T18:33:52,193,7,HIGH
2026-07-07T18:33:55,194,9,HIGH
2026-07-07T18:33:58,195,15,HIGH
2026-07-07T18:34:01,196,14,HIGH
2026-07-07T18:34:04,197,9,HIGH
2026-07-07T18:34:07,198,6,MED
2026-07-07T18:34:09,199,5,MED
2026-07-07T18:34:12,200,2,LOW
2026-07-07T18:34:14,201,1,LOW
2026-07-07T18:34:16,202,1,LOW
2026-07-07T18:34:17,203,1,LOW
2026-07-07T18:34:18,204,1,LOW
2026-07-07T18:34:19,205,2,LOW
2026-07-07T18:34:22,206,6,MED
2026-07-07T18:34:25,207,9,HIGH
2026-07-07T18:34:27,208,9,HIGH
2026-07-07T18:34:30,209,9,HIGH
2026-07-07T18:34:32,210,8,HIGH
2026-07-07T18:34:35,211,10,HIGH
2026-07-07T18:34:38,212,11,HIGH
2026-07-07T18:34:41,213,7,HIGH
2026-07-07T18:34:44,214,10,HIGH
2026-07-07T18:34:47,215,16,HIGH
2026-07-07T18:34:51,216,11,HIGH
2026-07-07T18:34:54,217,9,HIGH
2026-07-07T18:34:56,218,12,HIGH
2026-07-07T18:35:00,219,15,HIGH
2026-07-07T18:35:02,220,10,HIGH
2026-07-07T18:35:05,221,13,HIGH
2026-07-07T18:35:08,222,11,HIGH
2026-07-07T18:35:11,223,11,HIGH
2026-07-07T18:35:14,224,9,HIGH
2026-07-07T18:35:17,225,12,HIGH
2026-07-07T18:35:21,226,14,HIGH
2026-07-07T18:35:25,227,10,HIGH
2026-07-07T18:35:28,228,13,HIGH
2026-07-07T18:35:32,229,13,HIGH
2026-07-07T18:35:35,230,14,HIGH
2026-07-07T18:35:39,231,10,HIGH
2026-07-07T18:35:42,232,15,HIGH
2026-07-07T18:35:45,233,11,HIGH
2026-07-07T18:35:48,234,11,HIGH
2026-07-07T18:35:52,235,10,HIGH
2026-07-07T18:35:54,236,11,HIGH
2026-07-07T18:35:58,237,13,HIGH
2026-07-07T18:36:01,238,9,HIGH
2026-07-07T18:36:03,239,11,HIGH
2026-07-07T18:36:06,240,13,HIGH
2026-07-07T18:36:10,241,13,HIGH
2026-07-07T18:36:13,242,14,HIGH
2026-07-07T18:36:16,243,14,HIGH
2026-07-07T18:36:19,244,11,HIGH
2026-07-07T18:36:22,245,13,HIGH
2026-07-07T18:36:26,246,14,HIGH
2026-07-07T18:36:28,247,10,HIGH
2026-07-07T18:36:31,248,12,HIGH
2026-07-07T18:36:34,249,11,HIGH
2026-07-07T18:36:37,250,12,HIGH
2026-07-07T18:36:41,251,14,HIGH
2026-07-07T18:36:44,252,16,HIGH
2026-07-07T18:36:48,253,14,HIGH
2026-07-07T18:36:51,254,14,HIGH
2026-07-07T18:36:54,255,14,HIGH
2026-07-07T18:36:58,256,10,HIGH
2026-07-07T18:37:02,257,15,HIGH
2026-07-07T18:37:05,258,15,HIGH
2026-07-07T18:37:09,259,12,HIGH
2026-07-07T18:37:12,260,11,HIGH
2026-07-07T18:37:13,261,3,LOW
2026-07-07T18:37:16,262,12,HIGH
2026-07-07T18:37:19,263,10,HIGH
2026-07-07T18:37:22,264,11,HIGH
2026-07-07T18:37:25,265,8,HIGH
2026-07-07T18:37:28,266,10,HIGH
2026-07-07T18:37:30,267,11,HIGH
2026-07-07T18:37:33,268,11,HIGH
2026-07-07T18:37:36,269,13,HIGH
2026-07-07T18:37:40,270,10,HIGH
2026-07-07T18:37:43,271,13,HIGH
2026-07-07T18:37:47,272,11,HIGH
2026-07-07T18:37:51,273,12,HIGH
2026-07-07T18:38:02,274,14,HIGH
2026-07-07T18:38:17,275,10,HIGH
2026-07-07T18:38:36,276,10,HIGH
2026-07-07T18:38:48,277,9,HIGH
2026-07-07T18:38:57,278,8,HIGH
2026-07-07T18:39:07,279,10,HIGH
2026-07-07T18:39:13,280,7,HIGH
2026-07-07T18:39:15,281,6,MED
2026-07-07T18:39:18,282,5,MED
2026-07-07T18:39:21,283,4,MED
2026-07-07T18:39:23,284,6,MED
2026-07-07T18:39:26,285,6,MED
2026-07-07T18:39:33,286,6,MED
2026-07-07T18:39:39,287,8,HIGH
2026-07-07T18:39:42,288,7,HIGH
2026-07-07T18:39:45,289,12,HIGH
2026-07-07T18:39:48,290,7,HIGH
2026-07-07T18:39:50,291,5,MED
2026-07-07T18:39:53,292,7,HIGH
2026-07-07T18:39:56,293,8,HIGH
2026-07-07T18:40:00,294,5,MED
2026-07-07T18:40:04,295,7,HIGH
2026-07-07T18:40:07,296,9,HIGH
2026-07-07T18:40:10,297,6,MED
2026-07-07T18:40:12,298,9,HIGH
2026-07-07T18:40:14,299,9,HIGH
2026-07-07T18:40:17,300,10,HIGH
2026-07-07T18:40:20,301,10,HIGH
2026-07-07T18:40:23,302,12,HIGH
2026-07-07T18:40:26,303,11,HIGH
2026-07-07T18:40:30,304,8,HIGH
2026-07-07T18:40:32,305,6,MED
2026-07-07T18:40:36,306,7,HIGH
2026-07-07T18:40:38,307,6,MED
2026-07-07T18:40:41,308,3,LOW
2026-07-07T18:40:44,309,6,MED
2026-07-07T18:40:46,310,10,HIGH
2026-07-07T18:40:49,311,6,MED
2026-07-07T18:40:52,312,4,MED
2026-07-07T18:40:56,313,6,MED
2026-07-07T18:40:58,314,4,MED
2026-07-07T18:41:01,315,3,LOW
2026-07-07T18:41:04,316,4,MED
2026-07-07T18:41:06,317,5,MED
2026-07-07T18:41:09,318,3,LOW
2026-07-07T18:41:12,319,5,MED
2026-07-07T18:41:14,320,4,MED
2026-07-07T18:41:17,321,4,MED
2026-07-07T18:41:19,322,5,MED
2026-07-07T18:41:21,323,4,MED
2026-07-07T18:41:23,324,3,LOW
2026-07-07T18:41:25,325,2,LOW
2026-07-07T18:41:28,326,3,LOW
2026-07-07T18:41:29,327,3,LOW
2026-07-07T18:41:31,328,4,MED
2026-07-07T18:41:33,329,3,LOW
2026-07-07T18:41:35,330,3,LOW
2026-07-07T18:41:37,331,3,LOW
2026-07-07T18:41:39,332,4,MED
2026-07-07T18:41:41,333,4,MED
2026-07-07T18:41:44,334,7,HIGH
2026-07-07T18:41:46,335,4,MED
2026-07-07T18:41:47,336,4,MED
2026-07-07T18:41:49,337,2,LOW
2026-07-07T18:41:52,338,1,LOW
2026-07-07T18:41:53,339,2,LOW
2026-07-07T18:41:54,340,1,LOW
2026-07-07T18:41:56,341,2,LOW
2026-07-07T18:41:57,342,3,LOW
2026-07-07T18:41:59,343,3,LOW
2026-07-07T18:42:00,344,4,MED
2026-07-07T18:42:02,345,2,LOW
2026-07-07T18:42:03,346,3,LOW
2026-07-07T18:42:05,347,3,LOW
2026-07-07T18:42:06,348,5,MED
2026-07-07T18:42:09,349,5,MED
2026-07-07T18:42:11,350,7,HIGH
2026-07-07T18:42:13,351,7,HIGH
2026-07-07T18:42:15,352,4,MED
2026-07-07T18:42:18,353,3,LOW
2026-07-07T18:42:20,354,7,HIGH
2026-07-07T18:42:23,355,6,MED
2026-07-07T18:42:25,356,7,HIGH
2026-07-07T18:42:27,357,8,HIGH
2026-07-07T18:42:29,358,6,MED
2026-07-07T18:42:31,359,5,MED
2026-07-07T18:42:33,360,4,MED
2026-07-07T18:42:34,361,5,MED
2026-07-07T18:42:36,362,7,HIGH
2026-07-07T18:42:38,363,7,HIGH
2026-07-07T18:42:40,364,6,MED
2026-07-07T18:42:42,365,8,HIGH
2026-07-07T18:42:44,366,7,HIGH
2026-07-07T18:42:46,367,10,HIGH
2026-07-07T18:42:49,368,9,HIGH
2026-07-07T18:42:51,369,8,HIGH
2026-07-07T18:42:54,370,9,HIGH
2026-07-07T18:42:57,371,11,HIGH
2026-07-07T18:42:59,372,10,HIGH
2026-07-07T18:45:18,0,0,LOW
2026-07-07T18:45:22,1,10,HIGH
2026-07-07T18:45:25,2,9,HIGH
2026-07-07T18:45:29,3,10,HIGH
2026-07-07T18:45:34,4,7,HIGH
2026-07-07T18:45:37,5,9,HIGH
2026-07-07T18:45:41,6,10,HIGH
2026-07-07T18:45:44,7,11,HIGH
2026-07-07T18:45:47,8,13,HIGH
2026-07-07T18:45:50,9,10,HIGH
2026-07-07T18:45:53,10,13,HIGH
2026-07-07T18:45:58,11,11,HIGH
2026-07-07T18:46:01,12,12,HIGH
2026-07-07T18:46:06,13,14,HIGH
2026-07-07T18:46:10,14,10,HIGH
2026-07-07T18:46:13,15,10,HIGH
2026-07-07T18:46:16,16,9,HIGH
2026-07-07T18:46:18,17,8,HIGH
2026-07-07T18:46:21,18,10,HIGH
2026-07-07T18:46:23,19,7,HIGH
2026-07-07T18:46:25,20,6,MED
2026-07-07T18:46:27,21,5,MED
2026-07-07T18:46:29,22,4,MED
2026-07-07T18:46:32,23,6,MED
2026-07-07T18:46:35,24,6,MED
2026-07-07T18:46:37,25,6,MED
2026-07-07T18:46:40,26,8,HIGH
2026-07-07T18:46:42,27,7,HIGH
2026-07-07T18:46:45,28,12,HIGH
2026-07-07T18:46:47,29,7,HIGH
2026-07-07T18:46:50,30,5,MED
2026-07-07T18:46:52,31,7,HIGH
2026-07-07T18:46:55,32,8,HIGH
2026-07-07T18:46:57,33,5,MED
2026-07-07T18:47:00,34,7,HIGH
2026-07-07T18:47:02,35,9,HIGH
2026-07-07T18:47:05,36,6,MED
2026-07-07T18:47:08,37,9,HIGH
2026-07-07T18:47:11,38,9,HIGH
2026-07-07T18:47:15,39,10,HIGH
2026-07-07T18:47:18,40,10,HIGH
2026-07-07T18:47:22,41,12,HIGH
2026-07-07T18:47:25,42,11,HIGH
2026-07-07T18:47:27,43,8,HIGH
2026-07-07T18:47:29,44,6,MED
2026-07-07T18:47:34,45,7,HIGH
2026-07-07T18:47:37,46,6,MED
2026-07-07T18:47:40,47,3,LOW
2026-07-07T18:47:43,48,6,MED
2026-07-07T18:47:46,49,10,HIGH
2026-07-07T18:47:49,50,6,MED
2026-07-07T18:47:52,51,4,MED
2026-07-07T18:47:54,52,6,MED
2026-07-07T18:47:59,53,9,HIGH
2026-07-07T18:48:02,54,10,HIGH
2026-07-07T18:48:05,55,10,HIGH
2026-07-07T18:48:08,56,10,HIGH
2026-07-07T18:48:12,57,9,HIGH
2026-07-07T18:48:14,58,9,HIGH
2026-07-07T18:48:18,59,9,HIGH
2026-07-07T18:48:21,60,12,HIGH
2026-07-07T18:48:24,61,11,HIGH
2026-07-07T18:48:28,62,11,HIGH
2026-07-07T18:48:31,63,11,HIGH
2026-07-07T18:48:35,64,10,HIGH
2026-07-07T18:48:39,65,11,HIGH
2026-07-07T18:48:42,66,12,HIGH
2026-07-07T18:48:46,67,9,HIGH
2026-07-07T18:48:48,68,11,HIGH
2026-07-07T18:48:51,69,9,HIGH
2026-07-07T18:48:55,70,7,HIGH
2026-07-07T18:48:58,71,8,HIGH
2026-07-07T18:49:01,72,6,MED
2026-07-07T18:49:04,73,6,MED
2026-07-07T18:49:07,74,5,MED
2026-07-07T18:49:10,75,5,MED
2026-07-07T18:49:14,76,5,MED
2026-07-07T18:49:16,77,6,MED
2026-07-07T18:49:19,78,6,MED
2026-07-07T18:49:22,79,5,MED
2026-07-07T18:49:24,80,10,HIGH
2026-07-07T18:49:27,81,7,HIGH
2026-07-07T18:49:30,82,7,HIGH
2026-07-07T18:49:32,83,8,HIGH
2026-07-07T18:49:35,84,7,HIGH
2026-07-07T18:49:38,85,7,HIGH
2026-07-07T18:49:41,86,8,HIGH
2026-07-07T18:49:45,87,8,HIGH
2026-07-07T18:49:48,88,6,MED
2026-07-07T18:49:50,89,7,HIGH
2026-07-07T18:49:53,90,9,HIGH
2026-07-07T18:49:58,91,9,HIGH
2026-07-07T18:50:02,92,12,HIGH
2026-07-07T18:50:06,93,12,HIGH
2026-07-07T18:50:10,94,12,HIGH
2026-07-07T18:50:12,95,9,HIGH
2026-07-07T18:50:15,96,8,HIGH
2026-07-07T18:50:18,97,7,HIGH
2026-07-07T18:50:20,98,6,MED
2026-07-07T18:50:23,99,5,MED
2026-07-07T18:50:26,100,4,MED
2026-07-07T18:50:28,101,6,MED
2026-07-07T18:50:30,102,5,MED
2026-07-07T18:50:33,103,9,HIGH
2026-07-07T18:50:36,104,5,MED
2026-07-07T18:50:38,105,5,MED
2026-07-07T18:50:41,106,4,MED
2026-07-07T18:50:44,107,3,LOW
2026-07-07T18:50:46,108,4,MED
2026-07-07T18:50:48,109,3,LOW
2026-07-07T18:50:50,110,3,LOW
2026-07-07T18:50:52,111,3,LOW
2026-07-07T18:50:54,112,4,MED
2026-07-07T18:50:57,113,4,MED
2026-07-07T18:50:59,114,3,LOW
2026-07-07T18:51:01,115,3,LOW
2026-07-07T18:51:03,116,2,LOW
2026-07-07T18:51:05,117,5,MED
2026-07-07T18:51:08,118,2,LOW
2026-07-07T18:51:10,119,3,LOW
2026-07-07T18:51:12,120,6,MED
2026-07-07T18:51:13,121,4,MED
2026-07-07T18:51:16,122,5,MED
2026-07-07T18:51:18,123,4,MED
2026-07-07T18:51:21,124,3,LOW
2026-07-07T18:51:23,125,5,MED
2026-07-07T18:51:25,126,5,MED
2026-07-07T18:51:29,127,2,LOW
2026-07-07T18:51:31,128,3,LOW
2026-07-07T18:51:32,129,3,LOW
2026-07-07T18:51:33,130,1,LOW
2026-07-07T18:51:35,131,0,LOW
2026-07-07T18:51:37,132,1,LOW
2026-07-07T18:51:39,133,2,LOW
2026-07-07T18:51:40,134,3,LOW
2026-07-07T18:51:42,135,3,LOW
2026-07-07T18:51:44,136,4,MED
2026-07-07T18:51:47,137,3,LOW
2026-07-07T18:51:49,138,4,MED
2026-07-07T18:51:51,139,4,MED
2026-07-07T18:51:53,140,5,MED
2026-07-07T18:51:56,141,7,HIGH
2026-07-07T18:51:58,142,5,MED
2026-07-07T18:52:00,143,3,LOW
2026-07-07T18:52:03,144,5,MED
2026-07-07T18:52:05,145,8,HIGH
2026-07-07T18:52:07,146,5,MED
2026-07-07T18:52:10,147,9,HIGH
2026-07-07T18:52:12,148,6,MED
2026-07-07T18:52:14,149,3,LOW
2026-07-07T18:52:17,150,4,MED
2026-07-07T18:52:19,151,3,LOW
2026-07-07T18:52:21,152,5,MED
2026-07-07T18:52:23,153,5,MED
2026-07-07T18:52:24,154,5,MED
2026-07-07T18:52:26,155,7,HIGH
2026-07-07T18:52:27,156,8,HIGH
2026-07-07T18:52:29,157,6,MED
2026-07-07T18:52:30,158,7,HIGH
2026-07-07T18:52:32,159,8,HIGH
2026-07-07T18:52:33,160,9,HIGH
2026-07-07T18:52:35,161,10,HIGH
2026-07-07T18:52:37,162,12,HIGH
2026-07-07T18:52:38,163,11,HIGH
2026-07-07T18:52:40,164,9,HIGH
2026-07-07T18:52:42,165,10,HIGH
2026-07-07T18:52:44,166,11,HIGH
2026-07-07T18:52:46,167,10,HIGH
2026-07-07T18:52:48,168,10,HIGH
2026-07-07T18:52:50,169,10,HIGH
2026-07-07T18:52:52,170,10,HIGH
2026-07-07T18:52:54,171,11,HIGH
2026-07-07T18:52:56,172,12,HIGH
2026-07-07T18:52:58,173,11,HIGH
2026-07-07T18:53:00,174,13,HIGH
2026-07-07T18:53:03,175,13,HIGH
2026-07-07T18:53:05,176,13,HIGH
2026-07-07T18:53:07,177,14,HIGH
2026-07-07T18:53:10,178,14,HIGH
2026-07-07T18:53:12,179,13,HIGH
2026-07-07T18:53:15,180,11,HIGH
2026-07-07T18:53:17,181,12,HIGH
2026-07-07T18:53:20,182,14,HIGH
2026-07-07T18:53:22,183,11,HIGH
2026-07-07T18:53:24,184,11,HIGH
2026-07-07T18:53:26,185,12,HIGH
2026-07-07T18:53:27,186,9,HIGH
2026-07-07T18:53:29,187,9,HIGH
2026-07-07T18:53:31,188,9,HIGH
2026-07-07T18:53:32,189,12,HIGH
2026-07-07T18:53:34,190,10,HIGH
2026-07-07T18:53:35,191,12,HIGH
2026-07-07T18:53:37,192,10,HIGH
2026-07-07T18:53:39,193,8,HIGH
2026-07-07T18:53:40,194,6,MED
2026-07-07T18:53:41,195,5,MED
2026-07-07T18:53:43,196,7,HIGH
2026-07-07T18:53:44,197,6,MED
2026-07-07T18:53:46,198,7,HIGH
2026-07-07T18:53:47,199,7,HIGH
2026-07-07T18:55:43,0,0,LOW
2026-07-07T18:55:46,1,10,HIGH
2026-07-07T18:55:47,2,9,HIGH
2026-07-07T18:55:49,3,10,HIGH
2026-07-07T18:55:51,4,7,HIGH
2026-07-07T18:55:52,5,9,HIGH
2026-07-07T18:55:54,6,10,HIGH
2026-07-07T18:55:55,7,11,HIGH
2026-07-07T18:55:57,8,13,HIGH
2026-07-07T18:55:59,9,10,HIGH
2026-07-07T18:56:01,10,13,HIGH
2026-07-07T18:56:03,11,11,HIGH
2026-07-07T18:56:05,12,12,HIGH
2026-07-07T18:56:07,13,14,HIGH
2026-07-07T18:56:09,14,10,HIGH
2026-07-07T18:56:10,15,10,HIGH
2026-07-07T18:56:12,16,9,HIGH
2026-07-07T18:56:14,17,8,HIGH
2026-07-07T18:56:15,18,10,HIGH
2026-07-07T18:56:17,19,7,HIGH
2026-07-07T18:56:18,20,6,MED
2026-07-07T18:56:20,21,5,MED
2026-07-07T18:56:21,22,4,MED
2026-07-07T18:56:23,23,6,MED
2026-07-07T18:56:24,24,6,MED
2026-07-07T18:56:26,25,6,MED
2026-07-07T18:56:27,26,8,HIGH
2026-07-07T18:56:29,27,7,HIGH
2026-07-07T18:56:30,28,12,HIGH
2026-07-07T18:56:32,29,7,HIGH
2026-07-07T18:56:33,30,5,MED
2026-07-07T18:56:35,31,7,HIGH
2026-07-07T18:56:36,32,8,HIGH
2026-07-07T18:56:38,33,5,MED
2026-07-07T18:56:39,34,7,HIGH
2026-07-07T18:56:41,35,9,HIGH
2026-07-07T18:56:43,36,6,MED
2026-07-07T18:56:44,37,9,HIGH
2026-07-07T18:56:46,38,9,HIGH
2026-07-07T18:56:48,39,10,HIGH
2026-07-07T18:56:50,40,10,HIGH
2026-07-07T18:56:52,41,12,HIGH
2026-07-07T18:56:54,42,11,HIGH
2026-07-07T18:56:56,43,8,HIGH
2026-07-07T18:56:58,44,6,MED
2026-07-07T18:56:59,45,7,HIGH
2026-07-07T18:57:01,46,6,MED
2026-07-07T18:57:02,47,3,LOW
2026-07-07T18:57:04,48,6,MED
2026-07-07T18:57:05,49,10,HIGH
2026-07-07T18:57:07,50,6,MED
2026-07-07T18:57:08,51,4,MED
2026-07-07T18:57:10,52,6,MED
2026-07-07T18:57:11,53,4,MED
2026-07-07T18:57:13,54,3,LOW
2026-07-07T18:57:14,55,4,MED
2026-07-07T18:57:15,56,5,MED
2026-07-07T18:57:17,57,3,LOW
2026-07-07T18:57:18,58,5,MED
2026-07-07T18:57:19,59,4,MED
2026-07-07T18:57:20,60,4,MED
2026-07-07T18:57:22,61,5,MED
2026-07-07T18:57:23,62,4,MED
2026-07-07T18:57:24,63,3,LOW
2026-07-07T18:57:26,64,2,LOW
2026-07-07T18:57:27,65,3,LOW
2026-07-07T18:57:28,66,3,LOW
2026-07-07T18:57:29,67,4,MED
2026-07-07T18:57:31,68,3,LOW
2026-07-07T18:57:32,69,3,LOW
2026-07-07T18:57:33,70,3,LOW
2026-07-07T18:57:35,71,4,MED
2026-07-07T18:57:36,72,4,MED
2026-07-07T18:57:37,73,7,HIGH
2026-07-07T18:57:39,74,4,MED
2026-07-07T18:57:40,75,4,MED
2026-07-07T18:57:41,76,2,LOW
2026-07-07T18:57:42,77,1,LOW
2026-07-07T18:57:44,78,2,LOW
2026-07-07T18:57:45,79,1,LOW
2026-07-07T18:57:46,80,2,LOW
2026-07-07T18:57:47,81,3,LOW
2026-07-07T18:57:49,82,3,LOW
2026-07-07T18:57:50,83,4,MED
2026-07-07T18:57:51,84,2,LOW
2026-07-07T18:57:52,85,3,LOW
2026-07-07T18:57:55,86,3,LOW
2026-07-07T18:57:56,87,5,MED
2026-07-07T18:57:57,88,5,MED
2026-07-07T18:57:59,89,7,HIGH
2026-07-07T18:58:00,90,7,HIGH
2026-07-07T18:58:02,91,4,MED
2026-07-07T18:58:03,92,3,LOW
2026-07-07T18:58:04,93,7,HIGH
2026-07-07T18:58:06,94,6,MED
2026-07-07T18:58:07,95,7,HIGH
2026-07-07T18:58:09,96,8,HIGH
2026-07-07T18:58:10,97,6,MED
2026-07-07T18:58:11,98,5,MED
2026-07-07T18:58:13,99,4,MED
2026-07-07T18:58:14,100,5,MED
2026-07-07T18:58:15,101,7,HIGH
2026-07-07T18:58:17,102,7,HIGH
2026-07-07T18:58:18,103,6,MED
2026-07-07T18:58:20,104,8,HIGH
2026-07-07T18:58:21,105,7,HIGH
2026-07-07T18:58:23,106,10,HIGH
2026-07-07T18:58:25,107,9,HIGH
2026-07-07T18:58:26,108,8,HIGH
2026-07-07T18:58:28,109,9,HIGH
2026-07-07T18:58:30,110,11,HIGH
2026-07-07T18:58:32,111,10,HIGH
2026-07-07T18:58:34,112,9,HIGH
2026-07-07T18:58:36,113,11,HIGH
2026-07-07T18:58:38,114,10,HIGH
2026-07-07T18:58:40,115,10,HIGH
2026-07-07T18:58:42,116,10,HIGH
2026-07-07T18:58:44,117,10,HIGH
2026-07-07T18:58:46,118,12,HIGH
2026-07-07T18:58:48,119,12,HIGH
2026-07-07T18:58:50,120,12,HIGH
2026-07-07T18:58:53,121,12,HIGH
2026-07-07T18:58:55,122,16,HIGH
2026-07-07T18:58:58,123,13,HIGH
2026-07-07T18:59:00,124,12,HIGH
2026-07-07T18:59:03,125,13,HIGH
2026-07-07T18:59:05,126,14,HIGH
2026-07-07T18:59:08,127,13,HIGH
2026-07-07T18:59:10,128,12,HIGH
2026-07-07T18:59:13,129,11,HIGH
2026-07-07T18:59:15,130,15,HIGH
2026-07-07T18:59:18,131,11,HIGH
2026-07-07T18:59:19,132,10,HIGH
2026-07-07T18:59:21,133,12,HIGH
2026-07-07T18:59:23,134,9,HIGH
2026-07-07T18:59:24,135,9,HIGH
2026-07-07T18:59:26,136,11,HIGH
2026-07-07T18:59:27,137,10,HIGH
2026-07-07T18:59:29,138,11,HIGH
2026-07-07T18:59:31,139,11,HIGH
2026-07-07T18:59:33,140,9,HIGH
2026-07-07T18:59:34,141,7,HIGH
2026-07-07T18:59:35,142,7,HIGH
2026-07-07T18:59:37,143,6,MED
2026-07-07T18:59:38,144,8,HIGH
2026-07-07T18:59:40,145,6,MED
2026-07-07T18:59:41,146,6,MED
2026-07-07T18:59:43,147,5,MED
2026-07-07T18:59:44,148,5,MED
2026-07-07T18:59:45,149,6,MED
2026-07-07T18:59:47,150,4,MED
2026-07-07T18:59:48,151,5,MED
2026-07-07T18:59:50,152,6,MED
2026-07-07T18:59:51,153,9,HIGH
2026-07-07T18:59:53,154,6,MED
2026-07-07T18:59:54,155,5,MED
2026-07-07T18:59:55,156,3,LOW
2026-07-07T18:59:56,157,4,MED
2026-07-07T18:59:58,158,7,HIGH
2026-07-07T18:59:59,159,3,LOW
2026-07-07T19:00:00,160,2,LOW
2026-07-07T19:00:01,161,3,LOW
2026-07-07T19:00:03,162,2,LOW
2026-07-07T19:00:04,163,1,LOW
2026-07-07T19:00:05,164,1,LOW
2026-07-07T19:00:06,165,3,LOW
2026-07-07T19:00:07,166,1,LOW
2026-07-07T19:00:08,167,3,LOW
2026-07-07T19:00:09,168,5,MED
2026-07-07T19:00:11,169,5,MED
2026-07-07T19:00:12,170,3,LOW
2026-07-07T19:00:13,171,4,MED
2026-07-07T19:00:14,172,3,LOW
2026-07-07T19:00:16,173,2,LOW
2026-07-07T19:00:17,174,4,MED
2026-07-07T19:00:18,175,3,LOW
2026-07-07T19:00:19,176,2,LOW
2026-07-07T19:00:20,177,2,LOW
2026-07-07T19:00:21,178,3,LOW
2026-07-07T19:00:22,179,3,LOW
2026-07-07T19:00:23,180,5,MED
2026-07-07T19:00:25,181,4,MED
2026-07-07T19:00:26,182,5,MED
2026-07-07T19:00:27,183,6,MED
2026-07-07T19:00:29,184,6,MED
2026-07-07T19:00:30,185,6,MED
2026-07-07T19:00:32,186,6,MED
2026-07-07T19:00:33,187,6,MED
2026-07-07T19:00:35,188,9,HIGH
2026-07-07T19:00:37,189,9,HIGH
2026-07-07T19:00:38,190,10,HIGH
2026-07-07T19:00:40,191,8,HIGH
2026-07-07T19:00:41,192,10,HIGH
2026-07-07T19:00:43,193,7,HIGH
2026-07-07T19:00:45,194,9,HIGH
2026-07-07T19:00:47,195,15,HIGH
2026-07-07T19:00:49,196,14,HIGH
2026-07-07T19:00:50,197,9,HIGH
2026-07-07T19:00:52,198,6,MED
2026-07-07T19:00:54,199,5,MED
2026-07-07T19:00:55,200,2,LOW
2026-07-07T19:00:57,201,1,LOW
2026-07-07T19:00:58,202,1,LOW
2026-07-07T19:00:59,203,1,LOW
2026-07-07T19:01:00,204,1,LOW
2026-07-07T19:01:01,205,2,LOW
2026-07-07T19:01:03,206,6,MED
2026-07-07T19:01:04,207,9,HIGH
2026-07-07T19:01:06,208,9,HIGH
2026-07-07T19:01:08,209,9,HIGH
2026-07-07T19:01:09,210,8,HIGH
2026-07-07T19:01:11,211,10,HIGH
2026-07-07T19:01:13,212,11,HIGH
2026-07-07T19:01:15,213,7,HIGH
2026-07-07T19:01:16,214,10,HIGH
2026-07-07T19:01:19,215,16,HIGH
2026-07-07T19:01:20,216,11,HIGH
2026-07-07T19:01:22,217,9,HIGH
2026-07-07T19:01:24,218,12,HIGH
2026-07-07T19:01:28,219,15,HIGH
2026-07-07T19:01:29,220,10,HIGH
2026-07-07T19:01:31,221,13,HIGH
2026-07-07T19:01:33,222,11,HIGH
2026-07-07T19:01:35,223,11,HIGH
2026-07-07T19:01:37,224,9,HIGH
2026-07-07T19:01:39,225,12,HIGH
2026-07-07T19:01:41,226,14,HIGH
2026-07-07T19:01:43,227,10,HIGH
2026-07-07T19:01:46,228,13,HIGH
2026-07-07T19:01:48,229,13,HIGH
2026-07-07T19:01:52,230,14,HIGH
2026-07-07T19:01:55,231,10,HIGH
2026-07-07T19:01:57,232,15,HIGH
2026-07-07T19:01:59,233,11,HIGH
2026-07-07T19:02:01,234,11,HIGH
2026-07-07T19:02:03,235,10,HIGH
2026-07-07T19:02:05,236,11,HIGH
2026-07-07T19:02:07,237,13,HIGH
2026-07-07T19:02:09,238,9,HIGH
2026-07-07T19:02:11,239,11,HIGH
2026-07-07T19:02:13,240,13,HIGH
2026-07-07T19:02:15,241,13,HIGH
2026-07-07T19:02:17,242,14,HIGH
2026-07-07T19:02:19,243,14,HIGH
2026-07-07T19:02:21,244,11,HIGH
2026-07-07T19:02:23,245,13,HIGH
2026-07-07T19:02:25,246,14,HIGH
2026-07-07T19:02:27,247,10,HIGH
2026-07-07T19:02:29,248,12,HIGH
2026-07-07T19:02:31,249,11,HIGH
2026-07-07T19:02:33,250,12,HIGH
2026-07-07T19:02:35,251,14,HIGH
2026-07-07T19:02:37,252,16,HIGH
2026-07-07T19:02:39,253,14,HIGH
2026-07-07T19:02:41,254,14,HIGH
2026-07-07T19:02:44,255,14,HIGH
2026-07-07T19:02:46,256,10,HIGH
2026-07-07T19:02:48,257,15,HIGH
2026-07-07T19:02:50,258,15,HIGH
2026-07-07T19:02:52,259,12,HIGH
2026-07-07T19:02:54,260,11,HIGH
2026-07-07T19:02:54,261,3,LOW
2026-07-07T19:02:56,262,12,HIGH
2026-07-07T19:02:58,263,10,HIGH
2026-07-07T19:02:59,264,11,HIGH
2026-07-07T19:03:01,265,8,HIGH
2026-07-07T19:03:02,266,10,HIGH
2026-07-07T19:03:04,267,11,HIGH
2026-07-07T19:03:06,268,11,HIGH
2026-07-07T19:03:07,269,13,HIGH
2026-07-07T19:03:09,270,10,HIGH
2026-07-07T19:03:11,271,13,HIGH
2026-07-07T19:03:14,272,11,HIGH
2026-07-07T19:03:15,273,12,HIGH
2026-07-07T19:03:17,274,14,HIGH
2026-07-07T19:03:19,275,10,HIGH
2026-07-07T19:03:20,276,10,HIGH
2026-07-07T19:03:22,277,9,HIGH
2026-07-07T19:03:24,278,8,HIGH
2026-07-07T19:03:25,279,10,HIGH
2026-07-07T19:03:27,280,7,HIGH
2026-07-07T19:03:28,281,6,MED
2026-07-07T19:03:30,282,5,MED
2026-07-07T19:03:31,283,4,MED
2026-07-07T19:03:32,284,6,MED
2026-07-07T19:03:34,285,6,MED
2026-07-07T19:03:35,286,6,MED
2026-07-07T19:03:36,287,8,HIGH
2026-07-07T19:03:38,288,7,HIGH
2026-07-07T19:03:40,289,12,HIGH
2026-07-07T19:03:41,290,7,HIGH
2026-07-07T19:03:42,291,5,MED
2026-07-07T19:03:44,292,7,HIGH
2026-07-07T19:03:46,293,8,HIGH
2026-07-07T19:03:47,294,5,MED
2026-07-07T19:03:49,295,7,HIGH
2026-07-07T19:03:50,296,9,HIGH
2026-07-07T19:03:52,297,6,MED
2026-07-07T19:03:54,298,9,HIGH
2026-07-07T19:03:55,299,9,HIGH
2026-07-07T19:03:57,300,10,HIGH
2026-07-07T19:03:59,301,10,HIGH
2026-07-07T19:04:01,302,12,HIGH
2026-07-07T19:04:03,303,11,HIGH
2026-07-07T19:04:05,304,8,HIGH
2026-07-07T19:04:06,305,6,MED
2026-07-07T19:04:08,306,7,HIGH
2026-07-07T19:04:09,307,6,MED
2026-07-07T19:04:11,308,3,LOW
2026-07-07T19:04:12,309,6,MED
2026-07-07T19:04:13,310,10,HIGH
2026-07-07T19:04:15,311,6,MED
2026-07-07T19:04:17,312,4,MED
2026-07-07T19:04:18,313,6,MED
2026-07-07T19:04:19,314,4,MED
2026-07-07T19:04:21,315,3,LOW
2026-07-07T19:04:22,316,4,MED
2026-07-07T19:04:23,317,5,MED
2026-07-07T19:04:24,318,3,LOW
2026-07-07T19:04:26,319,5,MED
2026-07-07T19:04:27,320,4,MED
2026-07-07T19:04:28,321,4,MED
2026-07-07T19:04:29,322,5,MED
2026-07-07T19:04:30,323,4,MED
2026-07-07T19:04:32,324,3,LOW
2026-07-07T19:04:33,325,2,LOW
2026-07-07T19:04:34,326,3,LOW
2026-07-07T19:04:35,327,3,LOW
2026-07-07T19:04:36,328,4,MED
2026-07-07T19:04:38,329,3,LOW
2026-07-07T19:04:39,330,3,LOW
2026-07-07T19:04:40,331,3,LOW
2026-07-07T19:04:41,332,4,MED
2026-07-07T19:04:42,333,4,MED
2026-07-07T19:04:44,334,7,HIGH
2026-07-07T19:04:45,335,4,MED
2026-07-07T19:04:46,336,4,MED
2026-07-07T19:04:48,337,2,LOW
2026-07-07T19:04:49,338,1,LOW
2026-07-07T19:04:50,339,2,LOW
2026-07-07T19:04:51,340,1,LOW
2026-07-07T19:04:52,341,2,LOW
2026-07-07T19:04:53,342,3,LOW
2026-07-07T19:04:54,343,3,LOW
2026-07-07T19:04:55,344,4,MED
2026-07-07T19:04:56,345,2,LOW
2026-07-07T19:04:57,346,3,LOW
2026-07-07T19:04:59,347,3,LOW
2026-07-07T19:05:00,348,5,MED
2026-07-07T19:05:01,349,5,MED
2026-07-07T19:05:02,350,7,HIGH
2026-07-07T19:05:04,351,7,HIGH
2026-07-07T19:05:05,352,4,MED
2026-07-07T19:05:06,353,3,LOW
2026-07-07T19:05:07,354,7,HIGH
2026-07-07T19:05:09,355,6,MED
2026-07-07T19:05:10,356,7,HIGH
2026-07-07T19:05:12,357,8,HIGH
2026-07-07T19:05:13,358,6,MED
2026-07-07T19:05:14,359,5,MED
2026-07-07T19:05:15,360,4,MED
2026-07-07T19:05:16,361,5,MED
2026-07-07T19:05:18,362,7,HIGH
2026-07-07T19:05:19,363,7,HIGH
2026-07-07T19:05:21,364,6,MED
2026-07-07T19:05:22,365,8,HIGH
2026-07-07T19:05:24,366,7,HIGH
2026-07-07T19:05:25,367,10,HIGH
2026-07-07T19:05:27,368,9,HIGH
2026-07-07T19:05:30,369,8,HIGH
2026-07-07T19:05:32,370,9,HIGH
2026-07-07T19:05:34,371,11,HIGH
2026-07-07T19:05:35,372,10,HIGH
2026-07-07T19:05:37,373,9,HIGH
2026-07-07T19:05:39,374,11,HIGH
2026-07-07T19:05:41,375,10,HIGH
2026-07-07T19:05:43,376,10,HIGH
